Format Version,1.22,Take Name,Take 2020-06-18 diabolo_red_random_felix_3,Capture Frame Rate,120.000000,Export Frame Rate,120.000000,Capture Start Time,21 Dec 1969 04:27:00 +0900,Total Frames in Take,281546,Total Exported Frames,137,Rotation Type,Quaternion,Length Units,Meters,Coordinate Space,Global

,,Rigid Body,Rigid Body,Rigid Body,Rigid Body,Rigid Body,Rigid Body,Rigid Body,Rigid Body Marker,Rigid Body Marker,Rigid Body Marker,Rigid Body Marker,Rigid Body Marker,Rigid Body Marker,Rigid Body Marker,Rigid Body Marker,Rigid Body Marker,Rigid Body Marker,Rigid Body Marker,Rigid Body Marker,Rigid Body,Rigid Body,Rigid Body,Rigid Body,Rigid Body,Rigid Body,Rigid Body,Rigid Body Marker,Rigid Body Marker,Rigid Body Marker,Rigid Body Marker,Rigid Body Marker,Rigid Body Marker,Rigid Body Marker,Rigid Body Marker,Rigid Body Marker,Rigid Body,Rigid Body,Rigid Body,Rigid Body,Rigid Body,Rigid Body,Rigid Body,Rigid Body Marker,Rigid Body Marker,Rigid Body Marker,Rigid Body Marker,Rigid Body Marker,Rigid Body Marker,Rigid Body Marker,Rigid Body Marker,Rigid Body Marker,Rigid Body Marker,Rigid Body Marker,Rigid Body Marker
,,stick_right,stick_right,stick_right,stick_right,stick_right,stick_right,stick_right,"stick_right:Marker1","stick_right:Marker1","stick_right:Marker1","stick_right:Marker2","stick_right:Marker2","stick_right:Marker2","stick_right:Marker3","stick_right:Marker3","stick_right:Marker3","stick_right:Marker4","stick_right:Marker4","stick_right:Marker4",diabolo_red,diabolo_red,diabolo_red,diabolo_red,diabolo_red,diabolo_red,diabolo_red,"diabolo_red:Marker1","diabolo_red:Marker1","diabolo_red:Marker1","diabolo_red:Marker2","diabolo_red:Marker2","diabolo_red:Marker2","diabolo_red:Marker3","diabolo_red:Marker3","diabolo_red:Marker3",stick_left,stick_left,stick_left,stick_left,stick_left,stick_left,stick_left,"stick_left:Marker1","stick_left:Marker1","stick_left:Marker1","stick_left:Marker2","stick_left:Marker2","stick_left:Marker2","stick_left:Marker3","stick_left:Marker3","stick_left:Marker3","stick_left:Marker4","stick_left:Marker4","stick_left:Marker4"
,,"F8108D4B772D11EAC7808BD7B5C2AB81","F8108D4B772D11EAC7808BD7B5C2AB81","F8108D4B772D11EAC7808BD7B5C2AB81","F8108D4B772D11EAC7808BD7B5C2AB81","F8108D4B772D11EAC7808BD7B5C2AB81","F8108D4B772D11EAC7808BD7B5C2AB81","F8108D4B772D11EAC7808BD7B5C2AB81","F8108D4B772D11EAC7808BD7B5C2AB81","F8108D4B772D11EAC7808BD7B5C2AB81","F8108D4B772D11EAC7808BD7B5C2AB81","F8108D4B772D11EAC7808BD7B5C2AB81","F8108D4B772D11EAC7808BD7B5C2AB81","F8108D4B772D11EAC7808BD7B5C2AB81","F8108D4B772D11EAC7808BD7B5C2AB81","F8108D4B772D11EAC7808BD7B5C2AB81","F8108D4B772D11EAC7808BD7B5C2AB81","F8108D4B772D11EAC7808BD7B5C2AB81","F8108D4B772D11EAC7808BD7B5C2AB81","F8108D4B772D11EAC7808BD7B5C2AB81","803A3552773511EAC7808BD7B5C2AB81","803A3552773511EAC7808BD7B5C2AB81","803A3552773511EAC7808BD7B5C2AB81","803A3552773511EAC7808BD7B5C2AB81","803A3552773511EAC7808BD7B5C2AB81","803A3552773511EAC7808BD7B5C2AB81","803A3552773511EAC7808BD7B5C2AB81","803A3552773511EAC7808BD7B5C2AB81","803A3552773511EAC7808BD7B5C2AB81","803A3552773511EAC7808BD7B5C2AB81","803A3552773511EAC7808BD7B5C2AB81","803A3552773511EAC7808BD7B5C2AB81","803A3552773511EAC7808BD7B5C2AB81","803A3552773511EAC7808BD7B5C2AB81","803A3552773511EAC7808BD7B5C2AB81","803A3552773511EAC7808BD7B5C2AB81","554EA255773611EAC7808BD7B5C2AB81","554EA255773611EAC7808BD7B5C2AB81","554EA255773611EAC7808BD7B5C2AB81","554EA255773611EAC7808BD7B5C2AB81","554EA255773611EAC7808BD7B5C2AB81","554EA255773611EAC7808BD7B5C2AB81","554EA255773611EAC7808BD7B5C2AB81","554EA255773611EAC7808BD7B5C2AB81","554EA255773611EAC7808BD7B5C2AB81","554EA255773611EAC7808BD7B5C2AB81","554EA255773611EAC7808BD7B5C2AB81","554EA255773611EAC7808BD7B5C2AB81","554EA255773611EAC7808BD7B5C2AB81","554EA255773611EAC7808BD7B5C2AB81","554EA255773611EAC7808BD7B5C2AB81","554EA255773611EAC7808BD7B5C2AB81","554EA255773611EAC7808BD7B5C2AB81","554EA255773611EAC7808BD7B5C2AB81","554EA255773611EAC7808BD7B5C2AB81"
,,Rotation,Rotation,Rotation,Rotation,Position,Position,Position,Position,Position,Position,Position,Position,Position,Position,Position,Position,Position,Position,Position,Rotation,Rotation,Rotation,Rotation,Position,Position,Position,Position,Position,Position,Position,Position,Position,Position,Position,Position,Rotation,Rotation,Rotation,Rotation,Position,Position,Position,Position,Position,Position,Position,Position,Position,Position,Position,Position,Position,Position,Position
Frame,Time (Seconds),X,Y,Z,W,X,Y,Z,X,Y,Z,X,Y,Z,X,Y,Z,X,Y,Z,X,Y,Z,W,X,Y,Z,X,Y,Z,X,Y,Z,X,Y,Z,X,Y,Z,W,X,Y,Z,X,Y,Z,X,Y,Z,X,Y,Z,X,Y,Z
4110,34.250000,-0.256928,0.083916,0.826310,0.494124,0.209618,0.016767,0.908816,0.224320,0.015890,0.895912,0.250964,0.033430,0.909929,0.191117,0.026763,0.944294,0.172073,-0.009013,0.885128,-0.637425,-0.766433,-0.055171,-0.056800,-0.049221,0.154296,0.308554,-0.007902,0.162257,0.322216,-0.032598,0.156851,0.279888,-0.107163,0.143779,0.323558,0.517401,0.692999,0.437174,0.246833,-0.460228,-0.077111,1.088770,-0.468986,-0.075208,1.129026,-0.507769,-0.088474,1.061003,-0.452778,-0.077677,1.068947,-0.411379,-0.067083,1.096106
4111,34.258333,-0.256835,0.085476,0.827534,0.491850,0.214126,0.015952,0.909818,0.228796,0.015090,0.896878,0.255405,0.032789,0.910762,0.195679,0.025993,0.945312,0.176624,-0.010066,0.886322,-0.577054,-0.694456,-0.322940,-0.283637,-0.059536,0.158179,0.315237,-0.037820,0.162948,0.353486,-0.028320,0.163433,0.305109,-0.112467,0.148155,0.287116,0.522114,0.691395,0.432660,0.249351,-0.455891,-0.073909,1.087249,-0.464442,-0.071691,1.127533,-0.503697,-0.084813,1.059754,-0.448539,-0.074671,1.067395,-0.406887,-0.064462,1.094314
4112,34.266667,-0.257394,0.085736,0.828779,0.489410,0.218993,0.015126,0.910935,0.233662,0.014315,0.897991,0.260184,0.032181,0.911828,0.200507,0.025143,0.946415,0.181618,-0.011135,0.887505,-0.441548,-0.529422,-0.549447,-0.472076,-0.077409,0.160419,0.325288,-0.086456,0.159680,0.368588,-0.047534,0.165584,0.338905,-0.098237,0.155992,0.268370,0.526251,0.689695,0.429102,0.251498,-0.451428,-0.070699,1.085633,-0.459812,-0.068241,1.125938,-0.499448,-0.081169,1.058343,-0.444154,-0.071615,1.065757,-0.402297,-0.061773,1.092494
4113,34.275000,-0.258466,0.084348,0.830470,0.486210,0.224170,0.014198,0.912233,0.238867,0.013501,0.899314,0.265224,0.031576,0.913196,0.205546,0.024072,0.947681,0.187043,-0.012359,0.888743,-0.250945,-0.290826,-0.698669,-0.603579,-0.102708,0.161344,0.332744,-0.138040,0.156287,0.358885,-0.089424,0.163294,0.363147,-0.080659,0.164450,0.276200,0.530279,0.688234,0.424585,0.254688,-0.446875,-0.067540,1.083947,-0.455104,-0.064726,1.124261,-0.495104,-0.077599,1.056870,-0.439675,-0.068668,1.064055,-0.397619,-0.059167,1.090602
4114,34.283333,-0.260082,0.081637,0.832536,0.482261,0.229594,0.013247,0.913770,0.244344,0.012717,0.900903,0.270464,0.031043,0.914901,0.210743,0.022886,0.949163,0.192826,-0.013659,0.890114,-0.022914,-0.015801,-0.758113,-0.651529,-0.131297,0.161704,0.333236,-0.174836,0.155290,0.328710,-0.141527,0.159685,0.364793,-0.077527,0.170136,0.306204,0.534785,0.685873,0.420641,0.258156,-0.442205,-0.064330,1.082080,-0.450311,-0.061211,1.122396,-0.490622,-0.073858,1.055149,-0.435062,-0.065651,1.062180,-0.392826,-0.056598,1.088596
4115,34.291667,-0.261537,0.077342,0.834845,0.478174,0.235411,0.012351,0.915591,0.250226,0.012042,0.902792,0.276068,0.030611,0.916986,0.216285,0.021630,0.950932,0.199066,-0.014880,0.891655,0.207483,0.261500,-0.718643,-0.610017,-0.157232,0.162761,0.326286,-0.186574,0.158529,0.293446,-0.185632,0.157508,0.342730,-0.099489,0.172246,0.342682,0.539772,0.683645,0.415539,0.261922,-0.437482,-0.061168,1.080109,-0.445403,-0.057664,1.120430,-0.486127,-0.070144,1.053400,-0.430427,-0.062728,1.060194,-0.387970,-0.054138,1.086411
4116,34.300000,-0.263249,0.072809,0.836854,0.474420,0.241749,0.011498,0.917687,0.256637,0.011405,0.904969,0.282198,0.030191,0.919386,0.222328,0.020417,0.952959,0.205834,-0.016021,0.893433,0.411541,0.504129,-0.578857,-0.491338,-0.175553,0.164594,0.315782,-0.175604,0.165563,0.271551,-0.207495,0.158924,0.308560,-0.143560,0.169294,0.367234,0.545637,0.681803,0.409186,0.264560,-0.432699,-0.058093,1.078047,-0.440274,-0.054188,1.118398,-0.481669,-0.066494,1.051748,-0.425813,-0.059899,1.058095,-0.383039,-0.051790,1.083949
4117,34.308333,-0.264877,0.068682,0.838262,0.471636,0.248637,0.010655,0.919898,0.263595,0.010739,0.907262,0.288916,0.029679,0.921896,0.228949,0.019265,0.955099,0.213088,-0.017064,0.895334,0.559775,0.680067,-0.363600,-0.303242,-0.185339,0.167960,0.307756,-0.156080,0.173910,0.275109,-0.204159,0.164464,0.280586,-0.195778,0.165507,0.367572,0.552335,0.680096,0.402018,0.266041,-0.427915,-0.055046,1.075987,-0.435005,-0.050764,1.116388,-0.477285,-0.062829,1.050251,-0.421267,-0.057089,1.055977,-0.378102,-0.049503,1.081334
4118,34.316667,-0.267324,0.064954,0.839167,0.469168,0.256134,0.009730,0.922216,0.271176,0.009958,0.909683,0.296259,0.029042,0.924540,0.236145,0.018099,0.957305,0.220957,-0.018179,0.897335,0.632019,0.765064,-0.099964,-0.072358,-0.189759,0.172278,0.307450,-0.146519,0.180739,0.303447,-0.185567,0.172552,0.274481,-0.237191,0.163543,0.344422,0.559649,0.678351,0.394413,0.266591,-0.423175,-0.052039,1.073893,-0.429683,-0.047417,1.114354,-0.472987,-0.059154,1.048824,-0.416815,-0.054302,1.053813,-0.373215,-0.047284,1.078582
4119,34.325000,-0.269327,0.061821,0.839540,0.467776,0.264224,0.008743,0.924694,0.279339,0.009075,0.912251,0.304244,0.028234,0.927308,0.243989,0.016925,0.959687,0.229324,-0.019261,0.899530,0.622347,0.743668,0.183413,0.161249,-0.194567,0.176119,0.316486,-0.159947,0.182654,0.343246,-0.169589,0.180249,0.294954,-0.254165,0.165455,0.311258,0.566864,0.677045,0.386104,0.266832,-0.418504,-0.049096,1.071692,-0.424370,-0.044106,1.112208,-0.468769,-0.055581,1.047367,-0.412463,-0.051592,1.051541,-0.368414,-0.045106,1.075653
4120,34.333333,-0.270932,0.059282,0.839606,0.467058,0.272817,0.007763,0.927433,0.287992,0.008167,0.915066,0.312769,0.027361,0.930292,0.252386,0.015804,0.962345,0.238122,-0.020279,0.902031,0.526134,0.622672,0.436217,0.381022,-0.205290,0.178840,0.331929,-0.197635,0.180858,0.375456,-0.172485,0.184026,0.333168,-0.245750,0.171635,0.287162,0.573471,0.675957,0.378054,0.266998,-0.413886,-0.046256,1.069406,-0.419133,-0.040912,1.109961,-0.464563,-0.052165,1.045800,-0.408154,-0.048973,1.049193,-0.363695,-0.042974,1.072669
4121,34.341667,-0.272075,0.057680,0.839691,0.466441,0.281790,0.006664,0.930466,0.297005,0.007116,0.918150,0.321690,0.026342,0.933482,0.261227,0.014616,0.965321,0.247238,-0.021418,0.904913,0.354409,0.419418,0.634721,0.543703,-0.224034,0.180270,0.347957,-0.247466,0.176891,0.385331,-0.200742,0.184117,0.371352,-0.223893,0.179801,0.287189,0.579697,0.674709,0.370108,0.267841,-0.409379,-0.043507,1.067062,-0.414057,-0.037788,1.107636,-0.460419,-0.048840,1.044110,-0.403932,-0.046457,1.046804,-0.359109,-0.040943,1.069700
4122,34.350000,-0.272109,0.055499,0.839577,0.466891,0.291191,0.005590,0.933873,0.306433,0.006095,0.921592,0.331078,0.025269,0.937052,0.270549,0.013401,0.968712,0.256705,-0.022405,0.908135,0.140646,0.151625,0.742293,0.637361,-0.248287,0.180455,0.358778,-0.290563,0.174076,0.370152,-0.246773,0.180146,0.391978,-0.207525,0.187144,0.314206,0.584476,0.673741,0.363789,0.268549,-0.404906,-0.040823,1.064645,-0.409136,-0.034807,1.105225,-0.456218,-0.045707,1.042204,-0.399684,-0.043957,1.044355,-0.354588,-0.038822,1.066797
4123,34.358333,-0.272130,0.053973,0.839439,0.467305,0.301015,0.004458,0.937577,0.316277,0.004997,0.925321,0.340897,0.024129,0.940873,0.280318,0.012173,0.972405,0.266570,-0.023466,0.911708,-0.097304,-0.132132,0.752246,0.638121,-0.272465,0.180790,0.361503,-0.311147,0.174842,0.340872,-0.293520,0.176643,0.386882,-0.212728,0.190886,0.356756,0.588614,0.672457,0.358709,0.269562,-0.400500,-0.038166,1.062271,-0.404385,-0.031909,1.102849,-0.452014,-0.042616,1.040207,-0.395452,-0.041454,1.041961,-0.350150,-0.036686,1.064067
4124,34.366667,-0.272721,0.052792,0.839019,0.467849,0.311257,0.003232,0.941555,0.326548,0.003782,0.929336,0.351142,0.022873,0.944979,0.290481,0.010901,0.976346,0.276857,-0.024628,0.915557,-0.323264,-0.398022,0.654314,0.555835,-0.290316,0.181603,0.358209,-0.304915,0.179987,0.316478,-0.322792,0.175800,0.362235,-0.243239,0.189023,0.395916,0.591965,0.670694,0.355257,0.271183,-0.396136,-0.035559,1.059937,-0.399825,-0.029124,1.100506,-0.447764,-0.039590,1.038060,-0.391188,-0.038965,1.039622,-0.345768,-0.034557,1.061561
4125,34.375000,-0.273291,0.051453,0.838471,0.468647,0.321892,0.001926,0.945890,0.337215,0.002485,0.933713,0.361789,0.021518,0.949459,0.301034,0.009544,0.980644,0.287530,-0.025843,0.919745,-0.504283,-0.610320,0.466870,0.394005,-0.298880,0.183877,0.354523,-0.281522,0.187612,0.314001,-0.325343,0.179194,0.334969,-0.289776,0.184826,0.414600,0.594012,0.669073,0.353354,0.273189,-0.391835,-0.032988,1.057659,-0.395471,-0.026419,1.098211,-0.443493,-0.036709,1.035799,-0.386914,-0.036483,1.037352,-0.341460,-0.032340,1.059273
4126,34.383333,-0.273328,0.050163,0.837704,0.470135,0.332956,0.000599,0.950664,0.348302,0.001154,0.938517,0.372895,0.020080,0.954363,0.312053,0.008170,0.985401,0.298572,-0.027009,0.924376,-0.614734,-0.738196,0.215723,0.175020,-0.299610,0.187363,0.356662,-0.259662,0.194802,0.339165,-0.305747,0.185979,0.324027,-0.333422,0.181308,0.406793,0.595287,0.667419,0.352002,0.276187,-0.387610,-0.030477,1.055363,-0.391301,-0.023742,1.095883,-0.439239,-0.033938,1.033392,-0.382664,-0.034076,1.035081,-0.337237,-0.030152,1.057098
4127,34.391667,-0.272231,0.048997,0.836826,0.472454,0.344472,-0.000638,0.955905,0.359820,-0.000096,0.943759,0.384492,0.018660,0.959683,0.323601,0.006876,0.990674,0.309973,-0.027992,0.929504,-0.641295,-0.761412,-0.067204,-0.066899,-0.297876,0.190966,0.368131,-0.256908,0.198337,0.383118,-0.280343,0.193502,0.340010,-0.356377,0.181060,0.381265,0.595961,0.665796,0.351459,0.279326,-0.383478,-0.028061,1.053045,-0.387293,-0.021187,1.093530,-0.435038,-0.031312,1.030879,-0.378471,-0.031746,1.032793,-0.333111,-0.028000,1.054978
4128,34.400000,-0.271255,0.047583,0.835281,0.475880,0.356563,-0.001828,0.961652,0.371926,-0.001326,0.949523,0.396705,0.017189,0.965562,0.335711,0.005647,0.996440,0.321910,-0.028824,0.935085,-0.576445,-0.679342,-0.339782,-0.301253,-0.300104,0.193809,0.387755,-0.280361,0.197712,0.427154,-0.268305,0.198598,0.379356,-0.351644,0.185116,0.356754,0.596445,0.664641,0.350507,0.282224,-0.379462,-0.025736,1.050705,-0.383368,-0.018697,1.091153,-0.430969,-0.028831,1.028394,-0.374410,-0.029518,1.030482,-0.329101,-0.025899,1.052791
4129,34.408333,-0.270730,0.045616,0.833086,0.480200,0.369283,-0.002949,0.967859,0.384681,-0.002502,0.955772,0.409571,0.015711,0.971984,0.348403,0.004493,1.002636,0.334478,-0.029499,0.941042,-0.427791,-0.503930,-0.570217,-0.487752,-0.310175,0.195114,0.410310,-0.322410,0.193440,0.452793,-0.281368,0.199773,0.426218,-0.326747,0.192128,0.351919,0.597218,0.663326,0.348897,0.285657,-0.375496,-0.023532,1.048284,-0.379474,-0.016272,1.088686,-0.426957,-0.026431,1.025842,-0.370409,-0.027442,1.028094,-0.325143,-0.023982,1.050515
4130,34.416667,-0.271239,0.042939,0.829883,0.485674,0.382639,-0.004114,0.974498,0.398110,-0.003752,0.962501,0.423100,0.014086,0.978974,0.361642,0.003322,1.009207,0.347705,-0.030111,0.947310,-0.223317,-0.252114,-0.712983,-0.614999,-0.327359,0.194919,0.429189,-0.365111,0.189370,0.451578,-0.317150,0.196121,0.460795,-0.299814,0.199266,0.375194,0.598565,0.662428,0.346376,0.287981,-0.371564,-0.021417,1.045826,-0.375485,-0.013943,1.086194,-0.423050,-0.024118,1.023415,-0.366508,-0.025453,1.025653,-0.321214,-0.022155,1.048042
4131,34.425000,-0.272024,0.038904,0.826352,0.491560,0.396515,-0.005306,0.981577,0.412080,-0.005008,0.969701,0.437136,0.012409,0.986521,0.375334,0.002055,1.016190,0.361510,-0.030678,0.953895,0.012589,0.035873,-0.756607,-0.652764,-0.346561,0.194284,0.439963,-0.389253,0.188321,0.430006,-0.360540,0.191340,0.469972,-0.289890,0.203190,0.419912,0.601132,0.661562,0.342208,0.289601,-0.367710,-0.019448,1.043382,-0.371404,-0.011727,1.083725,-0.419308,-0.021858,1.021198,-0.362770,-0.023632,1.023211,-0.317359,-0.020575,1.045396
4132,34.433333,-0.274183,0.034048,0.822337,0.497419,0.410908,-0.006604,0.989111,0.426606,-0.006373,0.977410,0.451661,0.010624,0.994655,0.389427,0.000684,1.023554,0.375939,-0.031353,0.960825,0.249741,0.315882,-0.697096,-0.593216,-0.361253,0.194565,0.442905,-0.385542,0.191458,0.406058,-0.391728,0.188921,0.454905,-0.306490,0.203317,0.467752,0.604792,0.660794,0.336815,0.290058,-0.363899,-0.017531,1.041008,-0.367200,-0.009574,1.081339,-0.415691,-0.019577,1.019245,-0.359158,-0.021861,1.020819,-0.313545,-0.019112,1.042628
4133,34.441667,-0.277131,0.028662,0.817357,0.504287,0.425759,-0.008018,0.997136,0.441615,-0.007885,0.985648,0.466655,0.008620,1.003386,0.403913,-0.000767,1.031356,0.390855,-0.032041,0.968153,0.453591,0.551318,-0.533460,-0.453567,-0.366525,0.195665,0.442976,-0.359058,0.197851,0.399424,-0.396787,0.190413,0.430278,-0.343731,0.198730,0.499225,0.609652,0.659760,0.330582,0.289406,-0.360078,-0.015689,1.038764,-0.362845,-0.007540,1.079097,-0.412128,-0.017255,1.017583,-0.355609,-0.020148,1.018541,-0.309730,-0.017811,1.039833
4134,34.450000,-0.279880,0.023132,0.811463,0.512504,0.441021,-0.009613,1.005665,0.457034,-0.009618,0.994398,0.482088,0.006294,1.012652,0.418820,-0.002364,1.039658,0.406140,-0.032765,0.975953,0.591250,0.709125,-0.295425,-0.245539,-0.362567,0.198107,0.446989,-0.327478,0.204635,0.420847,-0.375766,0.195638,0.416587,-0.384458,0.194046,0.503534,0.615189,0.658584,0.323712,0.288131,-0.356288,-0.013914,1.036661,-0.358431,-0.005594,1.076997,-0.408625,-0.014934,1.016165,-0.352137,-0.018496,1.016399,-0.305959,-0.016631,1.037083
4135,34.458333,-0.281838,0.016771,0.805332,0.521274,0.456711,-0.011287,1.014745,0.472875,-0.011419,1.003695,0.497940,0.003831,1.022490,0.434174,-0.004099,1.048528,0.421856,-0.033461,0.984268,0.640971,0.767313,-0.019466,0.002745,-0.353948,0.201390,0.459772,-0.310835,0.209502,0.465502,-0.342683,0.202490,0.428523,-0.408325,0.192178,0.485291,0.620997,0.657027,0.317034,0.286647,-0.352518,-0.012176,1.034679,-0.354031,-0.003728,1.075017,-0.405127,-0.012595,1.014869,-0.348689,-0.016861,1.014377,-0.302225,-0.015520,1.034453
4136,34.466667,-0.284099,0.010900,0.798191,0.531094,0.472737,-0.013046,1.024463,0.489051,-0.013365,1.013639,0.514143,0.001150,1.032973,0.449868,-0.005824,1.058015,0.437887,-0.034145,0.993226,0.603808,0.710563,0.262070,0.248669,-0.347373,0.203689,0.481704,-0.320203,0.209148,0.516190,-0.317829,0.207522,0.466971,-0.404087,0.194396,0.461950,0.626401,0.655379,0.310816,0.285471,-0.348790,-0.010522,1.032892,-0.349728,-0.001956,1.073223,-0.401630,-0.010361,1.013702,-0.345256,-0.015303,1.012559,-0.298547,-0.014469,1.032085
4137,34.475000,-0.286639,0.005167,0.790336,0.541462,0.489049,-0.014926,1.034796,0.505512,-0.015468,1.024209,0.530618,-0.001734,1.044087,0.465841,-0.007613,1.068094,0.454226,-0.034888,1.002791,0.473502,0.556600,0.516818,0.445972,-0.348025,0.204703,0.508333,-0.351947,0.204532,0.552400,-0.316705,0.209634,0.518301,-0.375423,0.199943,0.454299,0.631133,0.653508,0.305861,0.284688,-0.345118,-0.008922,1.031329,-0.345595,-0.000282,1.071652,-0.398126,-0.008216,1.012621,-0.341822,-0.013774,1.010973,-0.294930,-0.013417,1.030072
4138,34.483333,-0.287867,-0.002616,0.782353,0.552313,0.505547,-0.017117,1.045628,0.522154,-0.017832,1.035280,0.547240,-0.004979,1.055763,0.481994,-0.009874,1.078699,0.470800,-0.035782,1.012769,0.277789,0.317527,0.682753,0.596539,-0.356581,0.204086,0.532816,-0.389710,0.199720,0.561810,-0.340833,0.206185,0.562008,-0.339199,0.206354,0.474629,0.635025,0.651614,0.301931,0.284568,-0.341503,-0.007345,1.030005,-0.341637,0.001363,1.070316,-0.394620,-0.006157,1.011635,-0.338385,-0.012261,1.009635,-0.291370,-0.012326,1.028433
4139,34.491667,-0.289903,-0.009173,0.773206,0.563937,0.522239,-0.019520,1.056997,0.538985,-0.020494,1.046897,0.564050,-0.008562,1.067955,0.498350,-0.012181,1.089804,0.487570,-0.036843,1.023330,0.044043,0.029834,0.751980,0.657036,-0.368867,0.202928,0.549519,-0.412679,0.197249,0.547161,-0.377527,0.200879,0.581541,-0.316395,0.210656,0.519855,0.638311,0.649332,0.299537,0.284963,-0.338008,-0.005829,1.028961,-0.337936,0.002895,1.069269,-0.391172,-0.004181,1.010762,-0.334998,-0.010779,1.008584,-0.287926,-0.011251,1.027231
4140,34.500000,-0.290796,-0.015573,0.763655,0.576217,0.539045,-0.022139,1.068864,0.555902,-0.023390,1.058980,0.580968,-0.012456,1.080573,0.514894,-0.014703,1.101457,0.504418,-0.038008,1.034447,-0.201112,-0.257433,0.715527,0.617497,-0.378044,0.202304,0.557474,-0.407983,0.198672,0.525105,-0.406232,0.197305,0.574358,-0.319918,0.210935,0.572961,0.641038,0.646863,0.298565,0.285479,-0.334627,-0.004352,1.028254,-0.334457,0.004326,1.068571,-0.387791,-0.002282,1.010099,-0.331672,-0.009302,1.007868,-0.284589,-0.010150,1.026477
4141,34.508333,-0.290899,-0.021761,0.752954,0.589886,0.555937,-0.025014,1.081239,0.572880,-0.026593,1.071552,0.597967,-0.016787,1.093655,0.531583,-0.017433,1.113647,0.521319,-0.039245,1.046104,-0.419211,-0.507578,0.568964,0.492857,-0.378339,0.202405,0.560823,-0.377536,0.203708,0.516608,-0.410227,0.197316,0.552958,-0.347253,0.206191,0.612903,0.643274,0.644154,0.299175,0.285933,-0.331353,-0.002887,1.027890,-0.331193,0.005665,1.068234,-0.384474,-0.000426,1.009658,-0.328396,-0.007792,1.007494,-0.281349,-0.008994,1.026173
4142,34.516667,-0.290504,-0.028326,0.741893,0.603655,0.572781,-0.028138,1.094088,0.589796,-0.030044,1.084588,0.614869,-0.021411,1.107191,0.548235,-0.020433,1.126323,0.538223,-0.040663,1.058251,-0.573790,-0.684788,0.341459,0.291951,-0.368843,0.203886,0.566441,-0.337780,0.209657,0.535472,-0.386251,0.201077,0.538268,-0.382500,0.200924,0.625582,0.645578,0.640900,0.300810,0.286336,-0.328193,-0.001448,1.028043,-0.328103,0.006907,1.068429,-0.381240,0.001444,1.009659,-0.325204,-0.006274,1.007633,-0.278225,-0.007870,1.026452
4143,34.525000,-0.290534,-0.035686,0.730032,0.617551,0.589483,-0.031570,1.107382,0.606576,-0.033815,1.098098,0.631551,-0.026398,1.121234,0.564693,-0.023740,1.139398,0.555113,-0.042328,1.070798,-0.639288,-0.764648,0.069448,0.042439,-0.353461,0.206327,0.580018,-0.309957,0.214367,0.579801,-0.346457,0.206798,0.547533,-0.403970,0.197817,0.612720,0.647462,0.637494,0.303588,0.286756,-0.325155,0.000001,1.028603,-0.325220,0.008108,1.069039,-0.378094,0.003298,1.009976,-0.322091,-0.004715,1.008178,-0.275215,-0.006685,1.027218
4144,34.533333,-0.290752,-0.043603,0.717168,0.631848,0.606047,-0.035320,1.121092,0.623213,-0.037928,1.112042,0.648019,-0.031793,1.135729,0.580983,-0.027342,1.152858,0.571972,-0.044218,1.083740,-0.617707,-0.726014,-0.221729,-0.205372,-0.339045,0.208108,0.603027,-0.307790,0.213816,0.633813,-0.311581,0.211882,0.584694,-0.397765,0.198626,0.590573,0.649113,0.633887,0.307496,0.286855,-0.322245,0.001443,1.029560,-0.322527,0.009227,1.070059,-0.375050,0.005132,1.010631,-0.319075,-0.003125,1.009118,-0.272329,-0.005463,1.028433
4145,34.541667,-0.291219,-0.052200,0.703999,0.645641,0.622380,-0.039353,1.135175,0.639619,-0.042316,1.126376,0.664167,-0.037459,1.150622,0.597000,-0.031242,1.166655,0.588733,-0.046396,1.097047,-0.502992,-0.581230,-0.475999,-0.427312,-0.331405,0.208441,0.631336,-0.330368,0.209499,0.675553,-0.299052,0.212743,0.637611,-0.364795,0.203082,0.580845,0.650662,0.630057,0.311704,0.287241,-0.319462,0.002845,1.030960,-0.319999,0.010304,1.071518,-0.372111,0.006940,1.011683,-0.316166,-0.001573,1.010505,-0.269572,-0.004290,1.030136
4146,34.550000,-0.292181,-0.061188,0.689355,0.660058,0.638415,-0.043744,1.149630,0.655719,-0.047111,1.141109,0.679919,-0.043608,1.165932,0.612689,-0.035431,1.180775,0.605332,-0.048827,1.110706,-0.309289,-0.354024,-0.661262,-0.584585,-0.332343,0.207649,0.658185,-0.362245,0.204160,0.690604,-0.313572,0.210137,0.685499,-0.321210,0.208650,0.598451,0.652227,0.625805,0.316540,0.287699,-0.316784,0.004163,1.032719,-0.317623,0.011258,1.073337,-0.369249,0.008697,1.013043,-0.313339,-0.000087,1.012253,-0.266925,-0.003217,1.032245
4147,34.558333,-0.293160,-0.071185,0.674303,0.674022,0.654046,-0.048428,1.164399,0.671413,-0.052185,1.156172,0.695163,-0.050048,1.181577,0.627931,-0.039945,1.195171,0.621677,-0.051533,1.124674,-0.072313,-0.071385,-0.745526,-0.658685,-0.338097,0.205973,0.677453,-0.381973,0.200684,0.679522,-0.343607,0.204826,0.710209,-0.288712,0.212407,0.642629,0.653466,0.621899,0.321695,0.287640,-0.314214,0.005470,1.034883,-0.315358,0.012173,1.075559,-0.366501,0.010388,1.014827,-0.310619,0.001406,1.014405,-0.264380,-0.002088,1.034740
4148,34.566667,-0.295406,-0.081218,0.657766,0.688101,0.669192,-0.053480,1.179430,0.686612,-0.057689,1.171541,0.709790,-0.056933,1.197546,0.642644,-0.044701,1.209746,0.637721,-0.054597,1.138886,0.175850,0.221533,-0.721590,-0.631908,-0.341913,0.204720,0.687325,-0.374701,0.201004,0.657856,-0.368525,0.200439,0.706768,-0.282511,0.212718,0.697350,0.656027,0.616397,0.327072,0.287589,-0.311742,0.006627,1.037512,-0.313184,0.012861,1.078254,-0.363819,0.012162,1.017075,-0.308001,0.002778,1.017018,-0.261964,-0.001292,1.037701
4149,34.575000,-0.297920,-0.093249,0.640960,0.701226,0.683773,-0.058785,1.194683,0.701257,-0.063405,1.187176,0.723710,-0.064020,1.213814,0.656694,-0.049789,1.224460,0.653431,-0.057923,1.153281,0.399735,0.480284,-0.587926,-0.513695,-0.337622,0.204262,0.691378,-0.340619,0.204971,0.647244,-0.370106,0.199347,0.686355,-0.302141,0.208468,0.740534,0.658496,0.611153,0.333041,0.286287,-0.309296,0.007769,1.040588,-0.311015,0.013444,1.081401,-0.361183,0.013884,1.019836,-0.305420,0.004184,1.020072,-0.259566,-0.000435,1.041044
4150,34.583333,-0.302475,-0.105433,0.625208,0.711694,0.697711,-0.064166,1.210141,0.715277,-0.069163,1.203078,0.736876,-0.070915,1.230362,0.670004,-0.054915,1.239254,0.668689,-0.061670,1.167869,0.564152,0.668045,-0.367231,-0.317159,-0.323588,0.205133,0.696597,-0.295073,0.210268,0.663163,-0.343226,0.202142,0.669952,-0.332465,0.202989,0.756677,0.662217,0.604839,0.338557,0.284636,-0.306933,0.008850,1.044131,-0.308867,0.013918,1.085014,-0.358631,0.015728,1.023147,-0.302955,0.005544,1.023587,-0.257279,0.000210,1.044776
4151,34.591667,-0.307297,-0.117808,0.605195,0.724865,0.710738,-0.069998,1.225690,0.728326,-0.075529,1.219097,0.748920,-0.078668,1.247027,0.682447,-0.060267,1.254078,0.683258,-0.065526,1.182559,0.643172,0.756731,-0.092646,-0.071450,-0.303434,0.206821,0.709099,-0.259927,0.214072,0.705655,-0.298849,0.207192,0.676183,-0.351526,0.199198,0.745458,0.666682,0.598121,0.343972,0.281903,-0.304674,0.009807,1.048124,-0.306754,0.014187,1.089079,-0.356205,0.017532,1.027025,-0.300629,0.006818,1.027544,-0.255106,0.000690,1.048847
4152,34.600000,-0.313315,-0.131168,0.586839,0.735016,0.722870,-0.075886,1.241398,0.740498,-0.081868,1.235327,0.759969,-0.086160,1.263902,0.693904,-0.065739,1.268946,0.697109,-0.069774,1.197415,0.627188,0.731014,0.197433,0.182410,-0.284009,0.208305,0.730679,-0.250647,0.213929,0.759185,-0.257861,0.211780,0.710460,-0.343520,0.199205,0.722392,0.672042,0.590512,0.349307,0.278640,-0.302474,0.010645,1.052588,-0.304666,0.014271,1.093611,-0.353832,0.019353,1.031449,-0.298383,0.008002,1.031971,-0.253016,0.000954,1.053321
4153,34.608333,-0.314690,-0.147033,0.568857,0.745488,0.733784,-0.081564,1.257230,0.751428,-0.087898,1.251578,0.769790,-0.093545,1.280648,0.704205,-0.071323,1.284083,0.709712,-0.073491,1.212612,0.515887,0.597177,0.460271,0.406684,-0.271563,0.208555,0.757747,-0.267633,0.209706,0.801798,-0.238900,0.213101,0.761877,-0.308156,0.202859,0.709565,0.677909,0.582472,0.355197,0.273863,-0.300354,0.011379,1.057582,-0.302620,0.014116,1.098670,-0.351554,0.021127,1.036513,-0.296236,0.009150,1.036922,-0.251008,0.001124,1.058225
4154,34.616667,-0.315485,-0.165299,0.554257,0.752293,0.743545,-0.087651,1.272961,0.761264,-0.094154,1.267753,0.778477,-0.100951,1.297275,0.713215,-0.077609,1.299041,0.721223,-0.077889,1.227774,0.328108,0.372896,0.649823,0.575347,-0.268139,0.207433,0.783399,-0.296033,0.204204,0.817587,-0.247743,0.210009,0.809514,-0.260641,0.208087,0.723097,0.684218,0.573963,0.360516,0.269147,-0.298367,0.011943,1.063067,-0.300681,0.013801,1.104201,-0.349396,0.022800,1.042128,-0.294235,0.010119,1.042370,-0.249155,0.001053,1.063570
4155,34.625000,-0.321585,-0.175677,0.540806,0.757133,0.752064,-0.093736,1.288681,0.769789,-0.100564,1.283926,0.785981,-0.108005,1.313868,0.721199,-0.083302,1.313967,0.731288,-0.083073,1.242964,0.092093,0.091748,0.743452,0.656034,-0.270464,0.205634,0.801283,-0.314143,0.200301,0.805870,-0.274097,0.204621,0.834304,-0.223153,0.211981,0.763676,0.690449,0.565051,0.366572,0.263861,-0.296497,0.012356,1.068973,-0.298898,0.013256,1.110135,-0.347333,0.024338,1.048180,-0.292332,0.010977,1.048248,-0.247424,0.000852,1.069332
4156,34.633333,-0.317388,-0.191826,0.527357,0.764436,0.759303,-0.098901,1.304430,0.777035,-0.105866,1.299907,0.792315,-0.114563,1.329989,0.727955,-0.088790,1.329248,0.739908,-0.086386,1.258576,-0.159417,-0.201382,0.726276,0.637617,-0.271681,0.203985,0.809227,-0.306002,0.200100,0.781581,-0.297227,0.199928,0.830097,-0.211815,0.211926,0.816003,0.695925,0.556756,0.372439,0.258846,-0.294844,0.012571,1.075221,-0.297356,0.012570,1.116385,-0.345487,0.025572,1.054566,-0.290634,0.011613,1.054481,-0.245900,0.000528,1.075451
4157,34.641667,-0.314284,-0.205411,0.515706,0.770116,0.765523,-0.104003,1.320010,0.783257,-0.111096,1.315699,0.797723,-0.120820,1.345869,0.733756,-0.094118,1.344383,0.747355,-0.089979,1.274090,-0.387423,-0.463759,0.599639,0.524657,-0.265509,0.203313,0.810659,-0.270766,0.203622,0.766732,-0.298217,0.198432,0.807356,-0.227542,0.207884,0.857888,0.701299,0.547587,0.379248,0.253967,-0.293430,0.012608,1.081964,-0.296144,0.011651,1.123105,-0.343817,0.026689,1.061393,-0.289129,0.012099,1.061227,-0.244630,-0.000006,1.082133
4158,34.650000,-0.310894,-0.217441,0.505558,0.774903,0.770743,-0.109061,1.335408,0.788477,-0.116255,1.331264,0.802238,-0.126891,1.361457,0.738619,-0.099404,1.359402,0.753639,-0.093693,1.289509,-0.557627,-0.656719,0.383750,0.332427,-0.249931,0.203979,0.812453,-0.223136,0.208673,0.777563,-0.270916,0.200850,0.786871,-0.255741,0.202414,0.872925,0.705932,0.537413,0.388562,0.248728,-0.292365,0.012486,1.089284,-0.295464,0.010424,1.130357,-0.342411,0.027670,1.068666,-0.287880,0.012502,1.068579,-0.243704,-0.000653,1.089534
4159,34.658333,-0.308806,-0.228262,0.498477,0.777211,0.775066,-0.114241,1.350550,0.792832,-0.121459,1.346593,0.805985,-0.132737,1.376823,0.742566,-0.104846,1.374139,0.758881,-0.097920,1.304647,-0.643289,-0.752228,0.111463,0.088928,-0.228310,0.205526,0.820926,-0.184992,0.212463,0.815206,-0.225417,0.205647,0.787817,-0.274522,0.198468,0.859754,0.708899,0.527635,0.399074,0.244550,-0.291753,0.012228,1.097129,-0.295404,0.009118,1.138090,-0.341398,0.028382,1.076278,-0.286999,0.012748,1.076491,-0.243210,-0.001334,1.097656
4160,34.666667,-0.298378,-0.246100,0.488761,0.781996,0.778424,-0.118396,1.365348,0.796243,-0.125526,1.361470,0.808711,-0.138102,1.391477,0.745466,-0.109837,1.388616,0.763277,-0.100120,1.319829,-0.634097,-0.733873,-0.179242,-0.164996,-0.207387,0.206930,0.838300,-0.172552,0.212433,0.865011,-0.182306,0.210174,0.816736,-0.267303,0.198183,0.833152,0.709847,0.518773,0.411113,0.240785,-0.291711,0.011782,1.105385,-0.296061,0.007645,1.146187,-0.340928,0.028705,1.084134,-0.286611,0.012806,1.084849,-0.243245,-0.002026,1.106371
4161,34.675000,-0.287608,-0.265301,0.480146,0.785084,0.780901,-0.122307,1.379767,0.798811,-0.129272,1.376008,0.810591,-0.143091,1.405746,0.747408,-0.114718,1.402603,0.766796,-0.102145,1.334712,-0.529341,-0.606725,-0.443722,-0.393438,-0.193522,0.207241,0.861304,-0.187252,0.208526,0.905080,-0.160653,0.211554,0.863678,-0.232660,0.201641,0.815154,0.708925,0.510755,0.424331,0.237694,-0.292302,0.011168,1.113863,-0.297480,0.006051,1.154457,-0.341058,0.028688,1.092041,-0.286786,0.012680,1.093465,-0.243883,-0.002745,1.115490
4162,34.683333,-0.287682,-0.276642,0.475222,0.784138,0.782547,-0.126826,1.393860,0.800531,-0.133751,1.390393,0.811674,-0.147957,1.420194,0.748578,-0.119515,1.416077,0.769405,-0.106081,1.348779,-0.345910,-0.388658,-0.639162,-0.566359,-0.189012,0.206224,0.883143,-0.214996,0.203161,0.918818,-0.167203,0.208778,0.908091,-0.184837,0.206734,0.822518,0.706348,0.503356,0.438579,0.235271,-0.293558,0.010384,1.122508,-0.299679,0.004328,1.162840,-0.341812,0.028368,1.099958,-0.287568,0.012370,1.102285,-0.245174,-0.003530,1.124948
4163,34.691667,-0.285626,-0.291798,0.469560,0.782806,0.783316,-0.130637,1.407541,0.801400,-0.137455,1.404401,0.811807,-0.152232,1.434190,0.748767,-0.123839,1.429013,0.771289,-0.109019,1.362558,-0.342732,-0.384905,-0.641391,-0.568332,-0.188948,0.206209,0.883465,-0.215336,0.203094,0.918838,-0.167424,0.208721,0.908665,-0.184083,0.206812,0.822893,0.703353,0.496294,0.451934,0.233969,-0.295482,0.009415,1.131217,-0.302545,0.002549,1.171264,-0.343205,0.027836,1.107904,-0.289020,0.011807,1.111184,-0.247159,-0.004534,1.134514
4164,34.700000,-0.283104,-0.309539,0.465309,0.779439,0.783013,-0.133946,1.420731,0.801240,-0.140555,1.417991,0.810881,-0.155882,1.447760,0.747786,-0.127877,1.441301,0.772146,-0.111471,1.375874,0.135685,0.176861,-0.732608,-0.643113,-0.192038,0.202854,0.901335,-0.228200,0.198742,0.876181,-0.216054,0.198886,0.923965,-0.131860,0.210934,0.903859,0.700338,0.489035,0.465069,0.232558,-0.298025,0.008202,1.140023,-0.306012,0.000530,1.179749,-0.345203,0.027092,1.115986,-0.291102,0.010998,1.120198,-0.249785,-0.005812,1.144159
4165,34.708333,-0.279667,-0.328768,0.462758,0.774308,0.781666,-0.136794,1.433262,0.800061,-0.143094,1.430955,0.808984,-0.158945,1.460674,0.745731,-0.131656,1.452837,0.771888,-0.113479,1.388582,0.370434,0.446049,-0.613883,-0.535693,-0.186341,0.202167,0.898700,-0.194234,0.202099,0.855169,-0.219170,0.197145,0.897412,-0.145619,0.207257,0.943520,0.697119,0.483006,0.477698,0.229204,-0.301009,0.006904,1.148868,-0.309765,-0.001636,1.188254,-0.347765,0.026134,1.124286,-0.293697,0.010143,1.129251,-0.252807,-0.007027,1.153683
4166,34.716667,-0.275857,-0.345946,0.461091,0.769168,0.779353,-0.139169,1.444993,0.797894,-0.145164,1.443069,0.806234,-0.161485,1.472702,0.742827,-0.134933,1.463669,0.770458,-0.115096,1.400532,0.546708,0.644656,-0.404472,-0.349186,-0.171184,0.202773,0.895660,-0.146595,0.207138,0.859141,-0.193696,0.199343,0.871451,-0.173262,0.201840,0.956387,0.694691,0.476720,0.490173,0.223323,-0.304509,0.005420,1.157823,-0.313883,-0.004150,1.196828,-0.350943,0.025044,1.132941,-0.296885,0.009187,1.138420,-0.256325,-0.008400,1.163104
4167,34.725000,-0.268972,-0.362302,0.462025,0.763495,0.776220,-0.141270,1.455804,0.794919,-0.146845,1.454167,0.802941,-0.163646,1.483620,0.739212,-0.138187,1.473743,0.767808,-0.116404,1.411687,0.640116,0.748219,-0.135941,-0.109272,-0.149501,0.204319,0.898948,-0.106632,0.211152,0.890414,-0.148716,0.204074,0.865723,-0.193156,0.197729,0.940707,0.692937,0.471490,0.501128,0.215422,-0.308507,0.003778,1.166788,-0.318266,-0.006860,1.205420,-0.354788,0.023716,1.141871,-0.300685,0.008097,1.147580,-0.260290,-0.009841,1.172282
4168,34.733333,-0.260476,-0.377392,0.466890,0.756136,0.772523,-0.142993,1.466062,0.791400,-0.148002,1.464658,0.799380,-0.165146,1.493924,0.735132,-0.141313,1.483381,0.764181,-0.117511,1.422284,0.640798,0.748932,-0.131709,-0.105504,-0.149179,0.204342,0.898998,-0.106215,0.211188,0.890964,-0.148015,0.204149,0.865784,-0.193307,0.197688,0.940247,0.691595,0.467584,0.510592,0.205810,-0.313013,0.001919,1.175730,-0.322938,-0.009796,1.214006,-0.359310,0.022050,1.150997,-0.305099,0.006803,1.156695,-0.264706,-0.011379,1.181221
4169,34.741667,-0.252369,-0.390228,0.469757,0.750574,0.768257,-0.144936,1.475567,0.787260,-0.149497,1.474348,0.795203,-0.167023,1.503397,0.730593,-0.144422,1.492362,0.759973,-0.118804,1.432164,0.640798,0.748932,-0.131709,-0.105504,-0.149179,0.204342,0.898998,-0.106215,0.211188,0.890964,-0.148015,0.204149,0.865784,-0.193307,0.197688,0.940247,0.689826,0.465215,0.518927,0.196035,-0.317987,-0.000087,1.184528,-0.327964,-0.012797,1.222471,-0.364393,0.020064,1.160019,-0.310036,0.005326,1.165652,-0.269553,-0.012941,1.189968
4170,34.750000,-0.249502,-0.397682,0.472624,0.745805,0.763475,-0.146163,1.484248,0.782555,-0.150435,1.483204,0.790445,-0.168037,1.512221,0.725629,-0.146318,1.500637,0.755270,-0.119864,1.440930,0.640798,0.748932,-0.131709,-0.105504,-0.149179,0.204342,0.898998,-0.106215,0.211188,0.890964,-0.148015,0.204149,0.865784,-0.193307,0.197688,0.940247,0.687636,0.463080,0.527243,0.186357,-0.323310,-0.002282,1.193038,-0.333334,-0.015963,1.230630,-0.369830,0.017841,1.168723,-0.315324,0.003652,1.174335,-0.274750,-0.014656,1.198466
4171,34.758333,-0.238614,-0.416638,0.478524,0.735181,0.758494,-0.147394,1.492067,0.777739,-0.150937,1.491379,0.785608,-0.168946,1.520151,0.720313,-0.149339,1.507537,0.750315,-0.120356,1.449202,0.146871,0.150757,0.731625,0.648403,-0.109598,0.203788,0.957693,-0.151968,0.198736,0.969379,-0.107838,0.203330,0.990878,-0.068989,0.209298,0.912821,0.685441,0.461528,0.534125,0.178527,-0.328907,-0.004653,1.201137,-0.338972,-0.019115,1.238424,-0.375518,0.015406,1.176944,-0.320892,0.001701,1.182584,-0.280245,-0.016604,1.206594
4172,34.766667,-0.227070,-0.435011,0.486222,0.723044,0.753309,-0.148123,1.498829,0.772695,-0.150855,1.498503,0.780673,-0.169177,1.527047,0.714912,-0.151986,1.513376,0.744956,-0.120472,1.456389,0.132235,0.133636,0.735172,0.651289,-0.109003,0.203780,0.958575,-0.151861,0.198670,0.968289,-0.108755,0.203112,0.991803,-0.066393,0.209556,0.915634,0.683398,0.460388,0.539921,0.171741,-0.334678,-0.007220,1.208790,-0.344759,-0.022342,1.245811,-0.381380,0.012754,1.184702,-0.326647,-0.000509,1.190371,-0.285926,-0.018785,1.214278
4173,34.775000,-0.230218,-0.438281,0.488181,0.718741,0.747493,-0.148333,1.504642,0.766897,-0.150955,1.504536,0.774675,-0.169087,1.533255,0.708965,-0.152345,1.518799,0.739434,-0.120944,1.461976,-0.345076,-0.420097,0.631012,0.553412,-0.105980,0.201347,0.952727,-0.117646,0.200983,0.910052,-0.138795,0.196326,0.954345,-0.061501,0.206731,0.993782,0.681408,0.459424,0.545324,0.165030,-0.340589,-0.009933,1.216021,-0.350658,-0.025686,1.252781,-0.387394,0.009941,1.192049,-0.332557,-0.002878,1.197731,-0.291748,-0.021108,1.221523
4174,34.783333,-0.224274,-0.451980,0.491235,0.710002,0.741403,-0.148035,1.509493,0.760863,-0.150183,1.509743,0.768511,-0.168563,1.538339,0.702711,-0.153200,1.522803,0.733526,-0.120193,1.467087,-0.531168,-0.629626,0.428009,0.371807,-0.091981,0.201771,0.945232,-0.070320,0.205917,0.906879,-0.116303,0.198139,0.922875,-0.089319,0.201259,1.005942,0.679770,0.458456,0.550323,0.157722,-0.346694,-0.012899,1.222947,-0.356686,-0.029303,1.259442,-0.393641,0.006874,1.199170,-0.338693,-0.005491,1.204784,-0.297758,-0.023677,1.228391
4175,34.791667,-0.224566,-0.459778,0.495556,0.701854,0.734993,-0.147554,1.513311,0.754481,-0.149364,1.513888,0.761965,-0.167603,1.542618,0.696178,-0.153389,1.525972,0.727347,-0.119861,1.470767,-0.633541,-0.743516,0.165233,0.136040,-0.070973,0.203168,0.943494,-0.028951,0.210030,0.931481,-0.072857,0.202609,0.910316,-0.111112,0.196864,0.988684,0.678502,0.457656,0.554906,0.149216,-0.353014,-0.015934,1.229645,-0.362826,-0.033037,1.265867,-0.400173,0.003711,1.206185,-0.345094,-0.008146,1.211606,-0.303962,-0.026266,1.234922
4176,34.800000,-0.222767,-0.469659,0.502478,0.690877,0.728340,-0.146504,1.516205,0.747855,-0.147794,1.517153,0.755275,-0.165865,1.546006,0.689461,-0.153388,1.528119,0.720770,-0.118970,1.473544,-0.643495,-0.746211,-0.122825,-0.118309,-0.049241,0.204602,0.950675,-0.010866,0.210702,0.971827,-0.027611,0.207262,0.925582,-0.109247,0.195842,0.954616,0.677199,0.457968,0.558728,0.139608,-0.359616,-0.019105,1.236168,-0.369113,-0.036907,1.272137,-0.407090,0.000273,1.213123,-0.351844,-0.010926,1.218238,-0.310419,-0.028858,1.241176
4177,34.808333,-0.219771,-0.478050,0.507062,0.682684,0.721401,-0.144881,1.518062,0.740924,-0.145763,1.519282,0.748314,-0.163810,1.548157,0.682511,-0.152640,1.529387,0.713856,-0.117309,1.475420,-0.557828,-0.639290,-0.392467,-0.355113,-0.033538,0.205144,0.964571,-0.020711,0.207582,1.006842,-0.000671,0.209241,0.961826,-0.079233,0.198610,0.925045,0.675795,0.458972,0.562214,0.128693,-0.366434,-0.022303,1.242491,-0.375500,-0.040842,1.278197,-0.414301,-0.003304,1.219952,-0.358865,-0.013709,1.224668,-0.317068,-0.031356,1.247147
4178,34.816667,-0.218787,-0.484669,0.513827,0.673209,0.714226,-0.142981,1.518856,0.733744,-0.143417,1.520354,0.741132,-0.161221,1.549380,0.675365,-0.151594,1.529654,0.706661,-0.115691,1.476037,-0.389397,-0.438096,-0.603206,-0.540910,-0.027158,0.204341,0.978922,-0.047282,0.202372,1.018272,-0.001712,0.207272,1.000100,-0.032480,0.203380,0.918393,0.673804,0.461025,0.565192,0.118330,-0.373519,-0.025638,1.248576,-0.382130,-0.044823,1.284053,-0.421790,-0.007147,1.226480,-0.366167,-0.016670,1.230847,-0.323989,-0.033913,1.252925
4179,34.825000,-0.221030,-0.488360,0.519429,0.665465,0.706804,-0.140634,1.518612,0.726307,-0.140765,1.520353,0.733599,-0.158226,1.549611,0.667946,-0.149742,1.529002,0.699366,-0.113802,1.475483,-0.164268,-0.171913,-0.725156,-0.646228,-0.028171,0.202664,0.986923,-0.069847,0.197915,1.000988,-0.024575,0.202517,1.019964,0.009910,0.207561,0.939818,0.670830,0.463140,0.568979,0.108408,-0.380776,-0.029069,1.254395,-0.388999,-0.048889,1.289614,-0.429395,-0.011133,1.232607,-0.373607,-0.019729,1.236784,-0.331101,-0.036524,1.258577
4180,34.833333,-0.225477,-0.492773,0.527060,0.654632,0.699175,-0.138250,1.517571,0.718643,-0.137985,1.519655,0.725741,-0.154909,1.549274,0.660317,-0.147960,1.527400,0.692001,-0.112146,1.473952,0.084946,0.119683,-0.739682,-0.656757,-0.030376,0.200859,0.985100,-0.070014,0.196684,0.965897,-0.050642,0.197502,1.011227,0.029526,0.208391,0.978175,0.666965,0.464626,0.573853,0.099869,-0.388186,-0.032646,1.259983,-0.396176,-0.053071,1.294909,-0.437037,-0.015215,1.238301,-0.381126,-0.022954,1.242519,-0.338408,-0.039345,1.264205
4181,34.841667,-0.225527,-0.500865,0.532673,0.643841,0.691319,-0.135158,1.515600,0.710733,-0.134455,1.518049,0.717649,-0.151165,1.547831,0.652509,-0.145717,1.524722,0.684384,-0.109296,1.471799,0.322473,0.392402,-0.645577,-0.570317,-0.027061,0.199860,0.975315,-0.042246,0.199126,0.933767,-0.059650,0.195046,0.979716,0.020713,0.205409,1.012461,0.662111,0.465891,0.579641,0.092579,-0.395700,-0.036314,1.265353,-0.403582,-0.057304,1.299966,-0.444684,-0.019376,1.243581,-0.388686,-0.026290,1.248057,-0.345849,-0.042284,1.269805
4182,34.850000,-0.229258,-0.505162,0.539258,0.633604,0.683291,-0.131989,1.512641,0.702646,-0.130915,1.515405,0.709349,-0.147163,1.545491,0.644523,-0.143129,1.521235,0.676646,-0.106750,1.468434,0.512476,0.607717,-0.455860,-0.400301,-0.014639,0.200006,0.963642,0.003185,0.203703,0.923319,-0.041039,0.196256,0.943803,-0.006063,0.200058,1.023804,0.656542,0.466619,0.586259,0.086721,-0.403324,-0.040164,1.270546,-0.411236,-0.061681,1.304828,-0.452334,-0.023657,1.248505,-0.396288,-0.029834,1.253441,-0.353438,-0.045484,1.275411
4183,34.858333,-0.232205,-0.509365,0.545715,0.623557,0.675111,-0.128519,1.508783,0.694398,-0.127067,1.511837,0.700915,-0.142884,1.542192,0.636418,-0.140268,1.516887,0.668715,-0.103855,1.464215,0.625663,0.734495,-0.199952,-0.170532,0.005246,0.201185,0.956897,0.045862,0.207855,0.940674,0.000046,0.200343,0.924082,-0.030169,0.195358,1.005936,0.649992,0.466778,0.594166,0.081217,-0.411052,-0.044095,1.275506,-0.419096,-0.066178,1.309395,-0.460006,-0.027985,1.253049,-0.403945,-0.033439,1.258631,-0.361162,-0.048778,1.280948
4184,34.866667,-0.235625,-0.513134,0.553921,0.611839,0.666831,-0.124709,1.504217,0.686028,-0.122803,1.507566,0.692371,-0.138058,1.538244,0.628265,-0.137171,1.511850,0.660659,-0.100805,1.459206,0.648178,0.752031,0.085866,0.083318,0.026733,0.202481,0.958837,0.067064,0.208795,0.975892,0.045684,0.204875,0.931639,-0.032548,0.193773,0.968979,0.643296,0.466600,0.602173,0.076435,-0.418850,-0.048106,1.280178,-0.427072,-0.070727,1.313667,-0.467695,-0.032341,1.257244,-0.411651,-0.037143,1.263542,-0.368983,-0.052214,1.286258
4185,34.875000,-0.239053,-0.514931,0.563111,0.600505,0.658495,-0.120759,1.498830,0.677601,-0.118389,1.502398,0.683849,-0.132987,1.533413,0.620100,-0.133907,1.506169,0.652429,-0.097752,1.453340,0.575041,0.659696,0.358659,0.324797,0.042972,0.202959,0.967999,0.060136,0.205952,1.008665,0.075368,0.207014,0.961786,-0.006589,0.195910,0.933546,0.635773,0.466061,0.611240,0.070466,-0.426653,-0.052200,1.284530,-0.435040,-0.075465,1.317534,-0.475377,-0.036800,1.261097,-0.419368,-0.040871,1.268179,-0.376827,-0.055666,1.291311
4186,34.883333,-0.241989,-0.515728,0.572724,0.589451,0.650036,-0.116612,1.492624,0.669047,-0.113771,1.496356,0.675254,-0.127680,1.527694,0.611850,-0.130449,1.499780,0.643995,-0.094549,1.446665,0.416810,0.471122,0.579124,0.518584,0.050101,0.202199,0.978545,0.034308,0.200745,1.019846,0.077656,0.205473,0.996838,0.038340,0.200379,0.918952,0.628104,0.464231,0.621273,0.063197,-0.434460,-0.056373,1.288442,-0.443000,-0.080412,1.320846,-0.483045,-0.041241,1.264550,-0.427097,-0.044613,1.272433,-0.384698,-0.059227,1.295938
4187,34.891667,-0.243344,-0.515834,0.583028,0.578600,0.641337,-0.112309,1.485566,0.660245,-0.108962,1.489394,0.666520,-0.122179,1.521017,0.603424,-0.126906,1.492669,0.635157,-0.091190,1.439185,0.198057,0.213046,0.714312,0.636509,0.049384,0.200470,0.983647,0.009501,0.195910,1.002244,0.056557,0.200875,1.016097,0.082095,0.204625,0.932600,0.623233,0.468317,0.623209,0.062213,-0.442016,-0.060293,1.292026,-0.450517,-0.084341,1.324434,-0.490596,-0.045766,1.267752,-0.434671,-0.048494,1.276037,-0.392279,-0.062573,1.299880
4188,34.900000,-0.242742,-0.513555,0.595035,0.568570,0.632261,-0.107839,1.477699,0.651074,-0.103945,1.481479,0.657634,-0.116391,1.513356,0.594716,-0.123244,1.485047,0.625619,-0.087776,1.430914,-0.049552,-0.076027,0.744562,0.661356,0.046498,0.198483,0.979230,0.004975,0.193969,0.964644,0.029277,0.195618,1.007510,0.105243,0.205864,0.965534,0.616300,0.469581,0.629715,0.055926,-0.449822,-0.064441,1.295165,-0.458262,-0.089000,1.327203,-0.498379,-0.050444,1.270535,-0.442507,-0.052337,1.279392,-0.400141,-0.065983,1.303529
4189,34.908333,-0.239115,-0.509265,0.608660,0.559469,0.622922,-0.103333,1.469131,0.641642,-0.098842,1.472708,0.648745,-0.110477,1.504774,0.585871,-0.119633,1.477027,0.615431,-0.084378,1.422013,-0.290665,-0.353096,0.665529,0.589837,0.048281,0.197155,0.966315,0.028460,0.195758,0.926787,0.016397,0.192542,0.974483,0.099986,0.203164,0.997675,0.609098,0.471635,0.635731,0.049044,-0.457717,-0.068563,1.297947,-0.466007,-0.093620,1.329637,-0.506286,-0.055205,1.272989,-0.450477,-0.056155,1.282378,-0.408099,-0.069272,1.306786
4190,34.916667,-0.232147,-0.502723,0.624281,0.551046,0.613286,-0.098661,1.459896,0.631903,-0.093511,1.463102,0.639833,-0.104261,1.495283,0.576889,-0.115959,1.468670,0.604519,-0.080915,1.412529,-0.489891,-0.578010,0.489374,0.431768,0.058856,0.197014,0.950448,0.071862,0.199914,0.908261,0.030305,0.193079,0.933896,0.074401,0.198049,1.009187,0.601989,0.475017,0.640420,0.042779,-0.465696,-0.072692,1.300370,-0.473768,-0.098130,1.331812,-0.514301,-0.060093,1.275089,-0.458566,-0.060037,1.284949,-0.416150,-0.072511,1.309628
4191,34.925000,-0.223879,-0.493440,0.641245,0.543323,0.603437,-0.093947,1.449922,0.621938,-0.088128,1.452618,0.630865,-0.097861,1.484861,0.567809,-0.112194,1.459851,0.593137,-0.077607,1.402358,-0.615825,-0.719781,0.241948,0.210087,0.077378,0.197920,0.938549,0.115796,0.204099,0.917496,0.068293,0.196640,0.906605,0.048047,0.193023,0.991546,0.595026,0.478472,0.644699,0.037046,-0.473655,-0.076763,1.302394,-0.481515,-0.102534,1.333618,-0.522274,-0.064910,1.276782,-0.466632,-0.063885,1.287109,-0.424198,-0.075723,1.312068
4192,34.933333,-0.213932,-0.482231,0.658327,0.536929,0.593343,-0.089197,1.439024,0.611713,-0.082741,1.441092,0.621778,-0.091423,1.473301,0.558584,-0.108307,1.450313,0.581300,-0.074318,1.391390,-0.652981,-0.755117,-0.041014,-0.041615,0.098500,0.199114,0.934939,0.140627,0.205472,0.946863,0.113998,0.201075,0.905604,0.040875,0.190794,0.952351,0.587601,0.483785,0.647807,0.032002,-0.481534,-0.080871,1.303990,-0.489123,-0.106847,1.335110,-0.530175,-0.069958,1.278004,-0.474650,-0.067829,1.288781,-0.432188,-0.078850,1.314064
4193,34.941667,-0.206456,-0.469000,0.674142,0.531928,0.583157,-0.084316,1.427698,0.601403,-0.077353,1.429111,0.612509,-0.084907,1.461262,0.549196,-0.103968,1.440400,0.569521,-0.071036,1.380021,-0.595023,-0.680162,-0.318296,-0.286382,0.115311,0.199660,0.938943,0.137407,0.203050,0.977122,0.146686,0.203578,0.928702,0.061841,0.192351,0.911006,0.580883,0.489124,0.650040,0.027922,-0.489278,-0.084844,1.305175,-0.496612,-0.110943,1.336253,-0.537925,-0.074827,1.278842,-0.482526,-0.071683,1.290009,-0.440049,-0.081921,1.315596
4194,34.950000,-0.202167,-0.453183,0.688879,0.528392,0.572936,-0.079269,1.415974,0.591081,-0.071945,1.416695,0.603126,-0.078262,1.448774,0.539670,-0.099093,1.430161,0.557866,-0.067775,1.368264,-0.449405,-0.506725,-0.548570,-0.490241,0.123344,0.198996,0.945302,0.112907,0.198073,0.988285,0.152990,0.202481,0.959916,0.104135,0.196435,0.887705,0.573712,0.494841,0.652256,0.023440,-0.496858,-0.088734,1.306054,-0.503902,-0.114960,1.337093,-0.545501,-0.079683,1.279367,-0.490256,-0.075450,1.290930,-0.447772,-0.084843,1.316827
4195,34.958333,-0.194121,-0.440887,0.705243,0.520161,0.562543,-0.074423,1.403797,0.580462,-0.066530,1.403897,0.593427,-0.071608,1.435837,0.530245,-0.094868,1.419282,0.546037,-0.064687,1.356171,-0.238510,-0.258980,-0.699402,-0.621996,0.123060,0.197324,0.947117,0.085904,0.192971,0.970734,0.134328,0.198224,0.978371,0.148949,0.200777,0.892246,0.568467,0.502934,0.650669,0.023082,-0.504260,-0.092508,1.306678,-0.511050,-0.118464,1.337999,-0.552915,-0.084501,1.279681,-0.497790,-0.079308,1.291424,-0.455285,-0.087758,1.317609
4196,34.966667,-0.183023,-0.429135,0.722508,0.510223,0.551945,-0.069807,1.391183,0.569552,-0.061258,1.390626,0.583504,-0.065068,1.422325,0.520840,-0.091041,1.407990,0.533883,-0.061859,1.343790,0.006876,0.026356,-0.747952,-0.663194,0.119530,0.195264,0.939678,0.076488,0.190398,0.930680,0.106131,0.192872,0.969999,0.175972,0.202523,0.918356,0.561570,0.506380,0.654149,0.017555,-0.511672,-0.096681,1.307065,-0.518212,-0.122914,1.338208,-0.560270,-0.089425,1.279755,-0.505334,-0.083289,1.291923,-0.462871,-0.091097,1.318375
4197,34.975000,-0.174742,-0.416587,0.736347,0.503699,0.541112,-0.064837,1.377946,0.558470,-0.055853,1.376755,0.573272,-0.058532,1.408184,0.510989,-0.086452,1.396008,0.521719,-0.058509,1.330837,0.250991,0.307686,-0.687779,-0.607695,0.119630,0.193741,0.923240,0.094788,0.191529,0.886698,0.089123,0.189196,0.935619,0.174980,0.200498,0.947401,0.555782,0.511015,0.655585,0.013339,-0.518827,-0.100717,1.307259,-0.525078,-0.127054,1.338374,-0.567409,-0.094271,1.279717,-0.512641,-0.087222,1.292146,-0.470180,-0.094321,1.318800
4198,34.983333,-0.167215,-0.402035,0.752008,0.494864,0.530010,-0.060207,1.364183,0.547055,-0.050754,1.362305,0.562663,-0.052039,1.393431,0.500987,-0.082147,1.383604,0.509337,-0.055889,1.317392,0.460235,0.542755,-0.527744,-0.463775,0.128128,0.193329,0.902760,0.135366,0.195303,0.859160,0.097632,0.189029,0.890266,0.151386,0.195654,0.958856,0.550878,0.516213,0.655717,0.009626,-0.525703,-0.104700,1.307247,-0.531624,-0.131048,1.338416,-0.574306,-0.099089,1.279561,-0.519689,-0.091150,1.292114,-0.477193,-0.097512,1.318898
4199,34.991667,-0.161728,-0.386493,0.766248,0.487167,0.518759,-0.055610,1.349759,0.535514,-0.045807,1.347198,0.551825,-0.045705,1.377987,0.490729,-0.077617,1.370516,0.496968,-0.053310,1.303334,0.600641,0.700716,-0.291051,-0.252024,0.145086,0.194034,0.885289,0.180284,0.199646,0.859081,0.131743,0.192084,0.854912,0.123229,0.190370,0.941874,0.545873,0.520646,0.656453,0.004479,-0.532374,-0.108672,1.307030,-0.537912,-0.135133,1.338174,-0.581010,-0.103864,1.279251,-0.526558,-0.095015,1.291916,-0.484015,-0.100675,1.318781
4200,35.000000,-0.156359,-0.371789,0.779958,0.478529,0.507271,-0.051000,1.334804,0.523709,-0.040854,1.331599,0.540621,-0.039380,1.362027,0.480248,-0.073066,1.356797,0.484507,-0.050698,1.288791,0.654726,0.755755,-0.012463,-0.003639,0.165744,0.195153,0.875762,0.209121,0.201595,0.881617,0.177045,0.196426,0.844533,0.111066,0.187439,0.901136,0.541718,0.526325,0.655381,0.000133,-0.538770,-0.112477,1.306548,-0.543870,-0.138904,1.337796,-0.587485,-0.108567,1.278765,-0.533181,-0.098786,1.291379,-0.490544,-0.103652,1.318252
4201,35.008333,-0.151233,-0.357697,0.793835,0.467982,0.495631,-0.046212,1.319358,0.511705,-0.035701,1.315544,0.529097,-0.032798,1.345597,0.469658,-0.068358,1.342507,0.472065,-0.047992,1.273785,0.614363,0.700691,0.267906,0.244574,0.183202,0.195741,0.874486,0.210454,0.199787,0.909101,0.212835,0.199275,0.859858,0.126315,0.188162,0.854498,0.536912,0.532227,0.654552,-0.004760,-0.545013,-0.116018,1.305746,-0.549649,-0.142429,1.337080,-0.593783,-0.113071,1.277940,-0.539666,-0.102279,1.290533,-0.496956,-0.106294,1.317431
4202,35.016667,-0.148690,-0.340077,0.806862,0.459578,0.483871,-0.041712,1.303361,0.499634,-0.031005,1.298855,0.517496,-0.026598,1.328446,0.458821,-0.063529,1.327804,0.459532,-0.045717,1.258338,0.484164,0.544573,0.509331,0.457829,0.192282,0.195210,0.876894,0.188097,0.195105,0.920937,0.223722,0.198793,0.887055,0.165025,0.191732,0.822691,0.532827,0.538920,0.652383,-0.007600,-0.550972,-0.119516,1.304563,-0.555207,-0.145744,1.336107,-0.599777,-0.117536,1.276734,-0.545833,-0.105820,1.289240,-0.503070,-0.108967,1.316170
4203,35.025000,-0.144813,-0.322302,0.818796,0.452464,0.471949,-0.037154,1.286861,0.487394,-0.026311,1.281642,0.505780,-0.020507,1.310666,0.447862,-0.058570,1.312593,0.446758,-0.043229,1.242545,0.283455,0.309720,0.677537,0.603880,0.192473,0.193504,0.876076,0.159148,0.189652,0.904918,0.208166,0.194930,0.905338,0.210106,0.195932,0.817971,0.528199,0.546687,0.649657,-0.009219,-0.556744,-0.122791,1.303027,-0.560625,-0.148724,1.334859,-0.605530,-0.121878,1.275109,-0.551792,-0.109190,1.287558,-0.509029,-0.111373,1.314582
4204,35.033333,-0.141354,-0.302401,0.830144,0.446580,0.459852,-0.032673,1.269873,0.474990,-0.021795,1.263882,0.493934,-0.014582,1.292222,0.436723,-0.053459,1.296963,0.433761,-0.040857,1.226425,0.043372,0.029115,0.746052,0.663835,0.188112,0.191261,0.866712,0.144209,0.186372,0.864277,0.179358,0.189394,0.898719,0.240769,0.198019,0.837139,0.523493,0.555299,0.646147,-0.009605,-0.562308,-0.125951,1.301100,-0.565877,-0.151474,1.333298,-0.611039,-0.126166,1.273072,-0.557523,-0.112504,1.285445,-0.514793,-0.113661,1.312585
4205,35.041667,-0.138447,-0.281336,0.841141,0.440642,0.447573,-0.028469,1.252410,0.462394,-0.017618,1.245629,0.481863,-0.008970,1.273202,0.425403,-0.048475,1.280856,0.420630,-0.038812,1.209954,-0.203254,-0.255009,0.707498,0.626980,0.185953,0.189371,0.847948,0.155881,0.186565,0.815620,0.157672,0.185062,0.864868,0.244305,0.196484,0.863357,0.518638,0.563161,0.643248,-0.009818,-0.567647,-0.128936,1.298794,-0.570964,-0.154084,1.331311,-0.616279,-0.130198,1.270622,-0.562999,-0.115629,1.282979,-0.520345,-0.115834,1.310262
4206,35.050000,-0.137801,-0.258728,0.851338,0.435080,0.435131,-0.024464,1.234494,0.449670,-0.013752,1.226927,0.469585,-0.003643,1.253672,0.413807,-0.043438,1.264262,0.407463,-0.037023,1.193115,-0.421882,-0.501046,0.567040,0.499434,0.191496,0.188488,0.823932,0.191946,0.189665,0.779709,0.159458,0.183940,0.816350,0.223084,0.191859,0.875738,0.514046,0.571429,0.639635,-0.009600,-0.572700,-0.131713,1.296160,-0.575764,-0.156418,1.329040,-0.621235,-0.134051,1.267891,-0.568190,-0.118579,1.280161,-0.525611,-0.117802,1.307550
4207,35.058333,-0.138360,-0.237059,0.859890,0.430405,0.422563,-0.020770,1.216100,0.436864,-0.010268,1.207818,0.457150,0.001160,1.233740,0.401949,-0.038628,1.247036,0.394290,-0.035346,1.175805,-0.577604,-0.676612,0.344442,0.299883,0.205891,0.188763,0.801546,0.236540,0.193883,0.770055,0.187974,0.186199,0.773672,0.193159,0.186207,0.860913,0.509511,0.580163,0.635395,-0.009105,-0.577427,-0.134324,1.293206,-0.580230,-0.158526,1.326482,-0.625861,-0.137788,1.264879,-0.573060,-0.121395,1.277003,-0.530558,-0.119588,1.304463
4208,35.066667,-0.140751,-0.215035,0.868147,0.424582,0.409860,-0.017303,1.197350,0.423934,-0.007052,1.188392,0.444466,0.005738,1.213470,0.389868,-0.033930,1.229362,0.381170,-0.033967,1.158175,-0.650495,-0.753832,0.074120,0.055671,0.225232,0.189563,0.786372,0.268955,0.196195,0.785094,0.231419,0.190058,0.753721,0.175322,0.182436,0.820301,0.505726,0.588591,0.630669,-0.007634,-0.581793,-0.136784,1.289985,-0.584391,-0.160426,1.323677,-0.630130,-0.141289,1.261637,-0.577539,-0.124094,1.273563,-0.535114,-0.121327,1.301061
4209,35.075000,-0.145040,-0.192371,0.875658,0.418544,0.397089,-0.014067,1.178353,0.410971,-0.004140,1.168753,0.431666,0.010009,1.192952,0.377604,-0.029306,1.211352,0.368116,-0.032830,1.140353,-0.630568,-0.721735,-0.208676,-0.194775,0.242826,0.190127,0.779929,0.275285,0.195010,0.809592,0.269708,0.193256,0.760637,0.183487,0.182114,0.769557,0.501924,0.597463,0.625362,-0.005701,-0.585836,-0.139073,1.286461,-0.588237,-0.162087,1.320600,-0.634065,-0.144662,1.258123,-0.581690,-0.126657,1.269805,-0.539352,-0.122888,1.297318
4210,35.083333,-0.150306,-0.169950,0.882000,0.413040,0.384288,-0.011033,1.159249,0.398015,-0.001490,1.149056,0.418836,0.013926,1.172357,0.365205,-0.024800,1.193119,0.355094,-0.031767,1.122462,-0.519236,-0.586358,-0.460494,-0.417759,0.252876,0.189602,0.778530,0.255988,0.190597,0.822650,0.285558,0.193318,0.783293,0.217083,0.184890,0.729646,0.499222,0.605894,0.619407,-0.002240,-0.589436,-0.141079,1.282538,-0.591725,-0.163384,1.317151,-0.637574,-0.147623,1.254249,-0.585355,-0.128986,1.265630,-0.543092,-0.124322,1.293123
4211,35.091667,-0.156645,-0.148388,0.887077,0.408091,0.371600,-0.008137,1.140136,0.385220,0.000979,1.129421,0.406120,0.017547,1.151844,0.352795,-0.020394,1.174734,0.342265,-0.030680,1.104545,-0.333692,-0.366320,-0.645543,-0.581148,0.253665,0.187836,0.775565,0.225644,0.184919,0.809677,0.274060,0.189776,0.801734,0.261290,0.188812,0.715283,0.496813,0.614946,0.612386,0.001245,-0.592600,-0.142844,1.278203,-0.594728,-0.164358,1.313323,-0.640676,-0.150412,1.250066,-0.588605,-0.131116,1.261019,-0.546389,-0.125492,1.288403
4212,35.100000,-0.164634,-0.127602,0.889797,0.406048,0.359186,-0.005173,1.121153,0.372800,0.003410,1.110000,0.393818,0.020902,1.131595,0.340453,-0.015809,1.156321,0.329675,-0.029198,1.086695,-0.099811,-0.094434,-0.738039,-0.660619,0.248460,0.185414,0.765126,0.204781,0.180708,0.770354,0.245313,0.184308,0.798194,0.295287,0.191224,0.726831,0.495564,0.623870,0.604293,0.005712,-0.595213,-0.144262,1.273357,-0.597201,-0.164890,1.309014,-0.643279,-0.152775,1.245474,-0.591293,-0.132953,1.255878,-0.549078,-0.126431,1.283064
4213,35.108333,-0.172114,-0.109169,0.891044,0.405585,0.347078,-0.002317,1.102421,0.360721,0.005737,1.090914,0.381890,0.023934,1.111765,0.328353,-0.011445,1.138015,0.317349,-0.027495,1.068989,0.147028,0.191670,-0.724208,-0.645886,0.243650,0.183097,0.745287,0.208388,0.179796,0.718773,0.218757,0.179252,0.766970,0.303805,0.190243,0.750118,0.495122,0.634298,0.593629,0.011162,-0.597256,-0.145457,1.268055,-0.599040,-0.164966,1.304346,-0.645377,-0.155037,1.240617,-0.593441,-0.134685,1.250217,-0.551165,-0.127140,1.277041
4214,35.116667,-0.180549,-0.091911,0.890409,0.407586,0.335359,0.000617,1.083962,0.349103,0.008081,1.072181,0.370475,0.026781,1.092371,0.316505,-0.006973,1.119848,0.305353,-0.025419,1.051448,0.373620,0.449234,-0.606733,-0.538955,0.245280,0.181630,0.719142,0.237812,0.182060,0.675538,0.212408,0.177020,0.717490,0.285621,0.185809,0.764399,0.495963,0.644286,0.581905,0.017405,-0.598620,-0.146189,1.262247,-0.600203,-0.164495,1.299168,-0.646863,-0.156718,1.235376,-0.594906,-0.136005,1.244045,-0.552509,-0.127537,1.270398
4215,35.125000,-0.189416,-0.076474,0.888286,0.411365,0.324098,0.003510,1.065873,0.337994,0.010365,1.053901,0.359595,0.029385,1.073540,0.305019,-0.002597,1.101923,0.293785,-0.023113,1.034128,0.546543,0.642561,-0.402853,-0.355128,0.255542,0.181205,0.693079,0.279893,0.185630,0.656408,0.232824,0.178125,0.669017,0.253910,0.179861,0.753813,0.497985,0.654523,0.568333,0.024662,-0.599295,-0.146619,1.255914,-0.600647,-0.163562,1.293489,-0.647734,-0.158050,1.229774,-0.595693,-0.137112,1.237328,-0.553105,-0.127751,1.263065
4216,35.133333,-0.199780,-0.062270,0.884969,0.415982,0.313145,0.006146,1.048233,0.327245,0.012372,1.036157,0.349048,0.031615,1.055351,0.293708,0.001520,1.084312,0.282580,-0.020923,1.017112,0.640168,0.745268,-0.143188,-0.119406,0.271642,0.181423,0.673373,0.314318,0.188054,0.663775,0.271593,0.181221,0.640138,0.229015,0.174995,0.716205,0.500978,0.664366,0.553739,0.031800,-0.599292,-0.146683,1.249177,-0.600348,-0.162211,1.287368,-0.647999,-0.158929,1.223919,-0.595833,-0.137886,1.230218,-0.552987,-0.127706,1.255203
4217,35.141667,-0.209821,-0.049899,0.882196,0.418587,0.302200,0.008361,1.031252,0.316478,0.014052,1.019121,0.338378,0.033557,1.037936,0.282412,0.005033,1.067283,0.271532,-0.019197,1.000666,0.644258,0.740721,0.138488,0.130711,0.287443,0.181593,0.662719,0.324990,0.187211,0.685434,0.310074,0.184307,0.638531,0.227264,0.173262,0.664193,0.504886,0.673604,0.538282,0.040011,-0.598600,-0.146399,1.241962,-0.599380,-0.160430,1.280735,-0.647619,-0.159311,1.217656,-0.595273,-0.138364,1.222644,-0.552130,-0.127490,1.246813
4218,35.150000,-0.219845,-0.041350,0.879814,0.419388,0.291134,0.010061,1.015033,0.305594,0.015359,1.002940,0.327437,0.035118,1.021556,0.270912,0.007716,1.050900,0.260592,-0.017949,0.984733,0.556336,0.631851,0.399027,0.363362,0.296631,0.180780,0.658703,0.308444,0.182948,0.701283,0.329588,0.184616,0.656774,0.251860,0.174776,0.618051,0.509469,0.682097,0.522345,0.048379,-0.597114,-0.145710,1.234454,-0.597591,-0.158226,1.273747,-0.646484,-0.159156,1.211171,-0.593930,-0.138456,1.214807,-0.550451,-0.127004,1.238092
4219,35.158333,-0.232457,-0.034625,0.876710,0.419696,0.279925,0.010989,0.999867,0.294637,0.015918,0.987923,0.316289,0.035931,1.006490,0.259051,0.009577,1.035408,0.249723,-0.017471,0.969646,0.389278,0.434462,0.603287,0.543829,0.296354,0.178726,0.655371,0.275955,0.176802,0.694582,0.321674,0.181457,0.676725,0.291432,0.177921,0.594806,0.514490,0.689715,0.506293,0.057104,-0.594882,-0.144757,1.226711,-0.595061,-0.155757,1.266457,-0.644623,-0.158590,1.204467,-0.591837,-0.138290,1.206768,-0.548006,-0.126391,1.229151
4220,35.166667,-0.242943,-0.030219,0.874614,0.418468,0.268448,0.011348,0.985582,0.283358,0.016040,0.973790,0.304766,0.036317,0.992355,0.247014,0.010586,1.020809,0.238653,-0.017553,0.955375,0.167716,0.175800,0.722317,0.647475,0.288455,0.175794,0.646544,0.246904,0.171305,0.661059,0.292398,0.175710,0.679545,0.326063,0.180365,0.599028,0.521829,0.695016,0.490091,0.066777,-0.591926,-0.143466,1.218793,-0.591819,-0.152995,1.258918,-0.642139,-0.157283,1.197626,-0.589011,-0.137787,1.198593,-0.544735,-0.125800,1.220034
4221,35.175000,-0.253354,-0.024642,0.872726,0.416599,0.256746,0.011010,0.972277,0.271835,0.015452,0.960616,0.293007,0.036050,0.979097,0.234801,0.010960,1.007195,0.227343,-0.018422,0.942200,-0.076311,-0.107011,0.738553,0.661261,0.278536,0.172619,0.629090,0.238302,0.168654,0.611123,0.259046,0.169594,0.655841,0.338260,0.179608,0.620307,0.529938,0.698386,0.475267,0.074464,-0.588358,-0.141913,1.210751,-0.587874,-0.150204,1.251147,-0.639080,-0.155494,1.190673,-0.585618,-0.136909,1.190349,-0.540860,-0.125044,1.210835
4222,35.183333,-0.259078,-0.018302,0.872514,0.413838,0.244769,0.010059,0.960005,0.259911,0.014318,0.948344,0.280968,0.035257,0.966572,0.222650,0.010585,0.994810,0.215548,-0.019922,0.930295,-0.309932,-0.374299,0.651961,0.582056,0.272952,0.170113,0.604675,0.255695,0.169268,0.563947,0.240581,0.165648,0.610736,0.322581,0.175423,0.639341,0.538296,0.702484,0.458165,0.082700,-0.584030,-0.139953,1.202574,-0.583065,-0.146827,1.243227,-0.635286,-0.153317,1.183746,-0.581520,-0.135719,1.181970,-0.536250,-0.123947,1.201356
4223,35.191667,-0.261896,-0.008189,0.874135,0.408939,0.232662,0.008463,0.948707,0.247736,0.012525,0.936890,0.268771,0.033965,0.954553,0.210682,0.009674,0.983583,0.203458,-0.022313,0.919803,-0.500777,-0.588030,0.474567,0.422173,0.275073,0.168548,0.578833,0.289977,0.171702,0.537297,0.247271,0.164926,0.560984,0.287969,0.169015,0.638217,0.546508,0.705842,0.441302,0.091480,-0.579112,-0.137744,1.194223,-0.577696,-0.143219,1.235075,-0.630869,-0.150778,1.176571,-0.576817,-0.134276,1.173450,-0.531066,-0.122700,1.191797
4224,35.200000,-0.264004,0.001814,0.876423,0.402717,0.220716,0.006292,0.938226,0.235694,0.010199,0.926235,0.256664,0.032186,0.943292,0.198921,0.008126,0.973190,0.191587,-0.025342,0.910188,-0.620026,-0.721529,0.232128,0.202683,0.283673,0.167735,0.558115,0.322642,0.173826,0.538075,0.275400,0.166625,0.525945,0.252977,0.162755,0.610326,0.553106,0.707895,0.427610,0.100539,-0.573819,-0.135393,1.185843,-0.572146,-0.139675,1.226827,-0.625946,-0.148029,1.169008,-0.571643,-0.132587,1.164958,-0.525541,-0.121281,1.182578
4225,35.208333,-0.267321,0.011111,0.878843,0.395032,0.209299,0.003616,0.928449,0.224200,0.007402,0.916325,0.244985,0.029995,0.932806,0.187585,0.006026,0.963429,0.180424,-0.028960,0.901236,-0.654664,-0.753432,-0.043411,-0.043250,0.293617,0.167025,0.546359,0.335706,0.173165,0.558530,0.309288,0.168965,0.517114,0.235858,0.158945,0.563433,0.554711,0.710173,0.419815,0.108193,-0.568703,-0.133247,1.177715,-0.567076,-0.136675,1.218781,-0.620923,-0.145826,1.161127,-0.566499,-0.130900,1.156776,-0.520314,-0.119587,1.174176
4226,35.216667,-0.270793,0.019338,0.881282,0.386832,0.198632,0.000575,0.919462,0.213466,0.004278,0.907229,0.234006,0.027468,0.923179,0.176952,0.003477,0.954426,0.170104,-0.032923,0.893014,-0.597933,-0.681236,-0.312036,-0.284654,0.298613,0.165714,0.542933,0.321193,0.169197,0.580818,0.329879,0.169414,0.532287,0.244766,0.158532,0.515693,0.553940,0.709484,0.419505,0.117470,-0.563744,-0.130814,1.169934,-0.562702,-0.133828,1.211051,-0.615828,-0.143175,1.152764,-0.561238,-0.128700,1.149004,-0.515209,-0.117553,1.166916
4227,35.225000,-0.273794,0.026552,0.883694,0.378705,0.188876,-0.002497,0.911444,0.203641,0.001152,0.899111,0.223920,0.024899,0.914568,0.167225,0.000814,0.946389,0.160720,-0.036851,0.885707,-0.457686,-0.514515,-0.539307,-0.484712,0.294464,0.163099,0.542881,0.285347,0.162427,0.586167,0.324559,0.166520,0.556563,0.273487,0.160349,0.485912,0.550267,0.707705,0.423346,0.130914,-0.558992,-0.128487,1.162422,-0.559074,-0.131142,1.203578,-0.610686,-0.140635,1.143968,-0.555911,-0.126578,1.141550,-0.510299,-0.115594,1.160594
4228,35.233333,-0.274907,0.033115,0.886012,0.371904,0.180152,-0.005307,0.904523,0.194822,-0.001707,0.892065,0.214926,0.022491,0.907043,0.158627,-0.001657,0.939513,0.152232,-0.040357,0.879473,-0.253825,-0.276064,-0.690795,-0.618194,0.281445,0.159430,0.539829,0.245463,0.155450,0.565261,0.294228,0.160500,0.570489,0.304645,0.162340,0.483737,0.542636,0.706134,0.431670,0.143464,-0.554341,-0.126091,1.155239,-0.555812,-0.128635,1.196375,-0.605374,-0.138322,1.135081,-0.550557,-0.124235,1.134477,-0.505621,-0.113170,1.155022
4229,35.241667,-0.274840,0.039931,0.887752,0.367104,0.172418,-0.007678,0.898728,0.186986,-0.004172,0.886123,0.207038,0.020363,0.900617,0.151097,-0.003648,0.933800,0.144553,-0.043256,0.874372,-0.015221,0.001264,-0.745563,-0.666260,0.264053,0.155322,0.529075,0.220477,0.150696,0.522995,0.252683,0.153264,0.560237,0.319001,0.162007,0.503993,0.534395,0.703896,0.441037,0.156329,-0.549860,-0.123742,1.148292,-0.552812,-0.126241,1.189351,-0.600123,-0.136038,1.126320,-0.545331,-0.121908,1.127679,-0.501174,-0.110782,1.149818
4230,35.250000,-0.272343,0.046446,0.889095,0.364942,0.165564,-0.009385,0.894111,0.179999,-0.006001,0.881322,0.200170,0.018709,0.895346,0.144594,-0.004997,0.929352,0.137492,-0.045251,0.870425,0.226665,0.278721,-0.696352,-0.621315,0.248921,0.151572,0.510283,0.221174,0.149259,0.475902,0.219488,0.147382,0.525141,0.306101,0.158076,0.529805,0.526231,0.700956,0.450980,0.168400,-0.545420,-0.121316,1.141547,-0.549836,-0.123864,1.182472,-0.594855,-0.133627,1.117780,-0.540158,-0.119454,1.121111,-0.496830,-0.108320,1.144827
4231,35.258333,-0.267911,0.051945,0.889863,0.365608,0.159451,-0.010473,0.890663,0.173741,-0.007225,0.877678,0.194181,0.017487,0.891302,0.138932,-0.005785,0.926130,0.130948,-0.046368,0.867543,0.438357,0.516294,-0.549772,-0.488912,0.241084,0.148832,0.487690,0.244154,0.150402,0.443583,0.209511,0.144648,0.478189,0.269586,0.151445,0.541298,0.517892,0.699647,0.458803,0.178274,-0.541087,-0.119016,1.135063,-0.546720,-0.121541,1.175839,-0.589736,-0.131551,1.109835,-0.535222,-0.117153,1.114792,-0.492671,-0.105819,1.139786
4232,35.266667,-0.261436,0.058036,0.890408,0.368045,0.153921,-0.011091,0.888277,0.168027,-0.008017,0.875050,0.188876,0.016596,0.888226,0.134011,-0.006075,0.924045,0.124771,-0.046868,0.865788,0.587315,0.682929,-0.325517,-0.287589,0.241093,0.146927,0.467749,0.273290,0.152078,0.437848,0.224542,0.144795,0.439007,0.225446,0.143909,0.526392,0.510539,0.698529,0.465368,0.186652,-0.536836,-0.116795,1.128721,-0.543504,-0.119299,1.169343,-0.584774,-0.129541,1.102268,-0.530459,-0.114931,1.108605,-0.488607,-0.103410,1.134670
4233,35.275000,-0.253044,0.065371,0.890765,0.371797,0.148909,-0.011391,0.886875,0.162779,-0.008540,0.873352,0.184162,0.015899,0.885984,0.129780,-0.005980,0.923010,0.118914,-0.046944,0.865155,0.653354,0.753601,-0.057463,-0.043740,0.245011,0.145707,0.455686,0.288780,0.152136,0.456220,0.252504,0.146470,0.423315,0.193750,0.138514,0.487522,0.504100,0.698220,0.469538,0.194695,-0.532619,-0.114627,1.122493,-0.540156,-0.116968,1.162972,-0.579939,-0.127625,1.095068,-0.525814,-0.112835,1.102511,-0.484566,-0.101080,1.129421
4234,35.283333,-0.242895,0.073921,0.891488,0.375216,0.144321,-0.011504,0.886266,0.157888,-0.008887,0.872393,0.179844,0.015382,0.884355,0.126140,-0.005671,0.922822,0.113411,-0.046839,0.865495,0.628721,0.716890,0.222119,0.203573,0.246523,0.144004,0.452545,0.278014,0.148537,0.483287,0.274019,0.147264,0.434163,0.187536,0.136212,0.440186,0.498616,0.698549,0.471800,0.202030,-0.528386,-0.112513,1.116374,-0.536628,-0.114600,1.156729,-0.575193,-0.125790,1.088211,-0.521235,-0.110841,1.096503,-0.480488,-0.098822,1.124053
4235,35.291667,-0.231712,0.083491,0.892353,0.378213,0.140105,-0.011559,0.886390,0.153319,-0.009188,0.872136,0.175854,0.014917,0.883324,0.122988,-0.005271,0.923381,0.108260,-0.046693,0.866719,0.514664,0.579058,0.469569,0.423460,0.240139,0.141195,0.454519,0.242084,0.141853,0.498712,0.272683,0.144875,0.460172,0.205650,0.136856,0.404672,0.494402,0.699291,0.472211,0.208748,-0.524093,-0.110449,1.110365,-0.532877,-0.112195,1.150622,-0.570511,-0.123989,1.081689,-0.516676,-0.108942,1.090579,-0.476309,-0.096668,1.118572
4236,35.300000,-0.221353,0.092167,0.893314,0.380129,0.136303,-0.011653,0.887155,0.149172,-0.009488,0.872558,0.172183,0.014497,0.883013,0.120176,-0.004980,0.924522,0.103679,-0.046641,0.868527,0.326779,0.359576,0.652090,0.581978,0.224495,0.137312,0.455106,0.195762,0.134028,0.488586,0.244303,0.139265,0.481722,0.233420,0.138643,0.395010,0.491751,0.701154,0.469698,0.214355,-0.519703,-0.108451,1.104592,-0.528773,-0.109711,1.144804,-0.565928,-0.122298,1.075751,-0.512144,-0.107186,1.084842,-0.471966,-0.094610,1.112972
4237,35.308333,-0.211743,0.100468,0.894701,0.380237,0.132907,-0.011856,0.888324,0.145431,-0.009856,0.873406,0.168794,0.014095,0.883130,0.117715,-0.004840,0.926018,0.099687,-0.046824,0.870741,0.095101,0.086502,0.739956,0.660257,0.202927,0.132904,0.448554,0.159174,0.128066,0.452977,0.199196,0.131595,0.481553,0.250411,0.139051,0.411131,0.491492,0.702588,0.465661,0.219010,-0.515134,-0.106382,1.099094,-0.524297,-0.107132,1.139297,-0.561356,-0.120366,1.070314,-0.507527,-0.105381,1.079347,-0.467356,-0.092650,1.107417
4238,35.316667,-0.203305,0.106018,0.896456,0.379202,0.130102,-0.012074,0.889815,0.142322,-0.010138,0.874639,0.165898,0.013827,0.883801,0.115683,-0.004908,0.927784,0.096504,-0.047075,0.873035,-0.152780,-0.196927,0.723650,0.643591,0.181996,0.128629,0.432985,0.147174,0.125252,0.405905,0.156764,0.124741,0.454264,0.242051,0.135893,0.438785,0.492799,0.703916,0.460571,0.222545,-0.510421,-0.104268,1.093944,-0.519513,-0.104509,1.134170,-0.556781,-0.118295,1.065408,-0.502846,-0.103536,1.074174,-0.462546,-0.090733,1.102026
4239,35.325000,-0.196698,0.112441,0.897642,0.378028,0.128138,-0.012251,0.891544,0.140094,-0.010431,0.876144,0.163848,0.013570,0.884732,0.114391,-0.004816,0.929710,0.094219,-0.047328,0.875589,-0.379461,-0.452321,0.604310,0.534999,0.167588,0.125299,0.411510,0.160809,0.125589,0.367792,0.134742,0.120708,0.409355,0.207213,0.129600,0.457383,0.495456,0.704848,0.455172,0.224793,-0.505606,-0.102063,1.089177,-0.514496,-0.101856,1.129448,-0.552210,-0.116020,1.061007,-0.498125,-0.101573,1.069363,-0.457593,-0.088802,1.096891
4240,35.333333,-0.187984,0.121102,0.899169,0.376154,0.127176,-0.012026,0.893305,0.138772,-0.010361,0.877616,0.162738,0.013696,0.885425,0.114324,-0.004221,0.931709,0.092870,-0.047218,0.878472,-0.550910,-0.644774,0.397979,0.349826,0.161901,0.123002,0.390630,0.186890,0.127337,0.354380,0.139593,0.119955,0.366183,0.159219,0.121715,0.451328,0.498731,0.705595,0.449141,0.227323,-0.500730,-0.099777,1.084853,-0.509385,-0.099080,1.125170,-0.547618,-0.113604,1.057092,-0.493360,-0.099556,1.064993,-0.452557,-0.086867,1.092157
4241,35.341667,-0.181938,0.129422,0.898879,0.377048,0.127385,-0.011631,0.895154,0.138726,-0.010200,0.879256,0.162971,0.013779,0.886416,0.115232,-0.003355,0.933686,0.092612,-0.046747,0.881257,-0.643604,-0.744519,0.136874,0.112832,0.162095,0.121622,0.376416,0.204980,0.128008,0.367618,0.162666,0.121416,0.343186,0.118639,0.115441,0.418445,0.502050,0.705711,0.444421,0.228926,-0.495848,-0.097428,1.080962,-0.504275,-0.096385,1.121320,-0.542999,-0.111061,1.053553,-0.488586,-0.097403,1.061061,-0.447533,-0.084863,1.087915
4242,35.350000,-0.178037,0.134967,0.898744,0.377288,0.128407,-0.011075,0.896950,0.139575,-0.009795,0.880918,0.163983,0.014145,0.887641,0.116711,-0.002487,0.935555,0.093358,-0.046161,0.883685,-0.644731,-0.737430,-0.145768,-0.138820,0.161954,0.120162,0.371437,0.199018,0.125551,0.394985,0.185128,0.122788,0.347759,0.101714,0.112148,0.371567,0.505419,0.705287,0.440318,0.230739,-0.490939,-0.094949,1.077429,-0.499180,-0.093604,1.117816,-0.538326,-0.108327,1.050303,-0.483764,-0.095100,1.057497,-0.442487,-0.082764,1.084100
4243,35.358333,-0.177726,0.137484,0.898288,0.377612,0.130111,-0.010432,0.898682,0.141246,-0.009242,0.882621,0.165714,0.014680,0.889187,0.118516,-0.001656,0.937276,0.094966,-0.045508,0.885646,-0.553072,-0.624727,-0.409043,-0.369475,0.155176,0.117703,0.373151,0.165853,0.119464,0.416048,0.188177,0.121506,0.372137,0.111497,0.112140,0.331268,0.508470,0.704426,0.437318,0.232369,-0.485983,-0.092446,1.074163,-0.494089,-0.090886,1.114569,-0.533557,-0.105545,1.047229,-0.478870,-0.092729,1.054210,-0.437414,-0.080625,1.080643
4244,35.366667,-0.179900,0.136526,0.898055,0.377484,0.132487,-0.009759,0.900346,0.143697,-0.008559,0.884337,0.168110,0.015387,0.891017,0.120704,-0.000994,0.938885,0.097439,-0.044871,0.887147,-0.381393,-0.422084,-0.612502,-0.548840,0.138956,0.114174,0.375404,0.117219,0.111818,0.413865,0.163521,0.116706,0.397647,0.136127,0.113998,0.314700,0.511378,0.703355,0.434390,0.234712,-0.480903,-0.089916,1.071051,-0.488926,-0.088116,1.111464,-0.528635,-0.102719,1.044254,-0.473827,-0.090344,1.051087,-0.432224,-0.078486,1.077398
4245,35.375000,-0.183560,0.133553,0.897825,0.377332,0.135528,-0.009048,0.901970,0.146876,-0.007784,0.886064,0.171176,0.016199,0.893018,0.123384,-0.000404,0.940424,0.100674,-0.044202,0.888375,-0.157716,-0.155591,-0.725673,-0.651395,0.115520,0.109904,0.371748,0.073363,0.105388,0.384385,0.118035,0.109273,0.404882,0.155162,0.115050,0.325977,0.513977,0.702089,0.431810,0.237571,-0.475652,-0.087431,1.068043,-0.483647,-0.085391,1.108450,-0.523501,-0.099934,1.041314,-0.468587,-0.088004,1.048080,-0.426874,-0.076395,1.074329
4246,35.383333,-0.189707,0.130121,0.896703,0.378158,0.139266,-0.008395,0.903632,0.150839,-0.007101,0.887891,0.175024,0.016885,0.895228,0.126571,0.000183,0.941922,0.104631,-0.043548,0.889487,0.092000,0.130577,-0.737057,-0.656683,0.091008,0.105715,0.359047,0.051855,0.101812,0.338820,0.070080,0.102231,0.384630,0.151089,0.113102,0.353691,0.517255,0.700080,0.428877,0.241661,-0.470213,-0.084960,1.065090,-0.478217,-0.082623,1.105480,-0.518181,-0.097041,1.038382,-0.463138,-0.085715,1.045136,-0.421315,-0.074459,1.071364
